,Unnamed: 0,uri,ms,origin,origin_prev_ms
0,0.0,0276IbnQutaybaDinawari.GharibHadith,46,self,False
1,1.0,0276IbnQutaybaDinawari.GharibHadith,676,self,False
2,2.0,0276IbnQutaybaDinawari.GharibHadith,677,self,False
3,3.0,0276IbnQutaybaDinawari,1907,self,False
4,4.0,0151IbnIshaq.Sira,51,self,False
5,5.0,0151IbnIshaq.Sira,656,self,False
6,6.0,0151IbnIshaq.Sira,1292,self,False
7,7.0,0588IbnMamun.AkhbarMisr,484,self,False
8,8.0,0588IbnMamun.AkhbarMisr,485,self,False
9,9.0,0629CabdLatifBaghdadi,1944,self,False
10,10.0,0487AbuCubaydBakri.MucjamMaIstacjama,420,self,False
11,11.0,0487AbuCubaydBakri.MucjamMaIstacjama,429,self,False
12,12.0,0487AbuCubaydBakri.MucjamMaIstacjama,430,self,False
13,13.0,0487AbuCubaydBakri.MucjamMaIstacjama,467,self,False
14,14.0,0487AbuCubaydBakri.MucjamMaIstacjama,525,self,False
15,15.0,0487AbuCubaydBakri.MucjamMaIstacjama,654,self,False
16,16.0,0440AbuRayhanBiruni,270,self,False
17,17.0,0346Mascudi.MurujDhahab,59,self,False
18,18.0,0346Mascudi.MurujDhahab,60,self,False
19,19.0,0257IbnCabdHakam.FutuhMisr,47,self,False
20,20.0,0257IbnCabdHakam.FutuhMisr,48,self,False
21,21.0,0257IbnCabdHakam.FutuhMisr,61,self,False
22,22.0,0257IbnCabdHakam.FutuhMisr,62,self,False
23,23.0,0257IbnCabdHakam.FutuhMisr,63,self,False
24,24.0,0257IbnCabdHakam.FutuhMisr,64,self,False
25,25.0,0257IbnCabdHakam.FutuhMisr,65,self,False
26,26.0,0257IbnCabdHakam.FutuhMisr,83,self,False
27,27.0,0257IbnCabdHakam.FutuhMisr,84,self,False
28,28.0,0257IbnCabdHakam.FutuhMisr,85,self,False
29,29.0,0257IbnCabdHakam.FutuhMisr,86,self,False
30,30.0,0257IbnCabdHakam.FutuhMisr,110,self,False
31,31.0,0257IbnCabdHakam.FutuhMisr,129,self,False
32,32.0,0257IbnCabdHakam.FutuhMisr,130,self,False
33,33.0,0257IbnCabdHakam.FutuhMisr,131,self,False
34,34.0,0257IbnCabdHakam.FutuhMisr,132,self,False
35,35.0,0257IbnCabdHakam.FutuhMisr,158,self,False
36,36.0,0257IbnCabdHakam.FutuhMisr,160,self,False
37,37.0,0257IbnCabdHakam.FutuhMisr,167,self,False
38,38.0,0257IbnCabdHakam.FutuhMisr,168,self,False
39,39.0,0257IbnCabdHakam.FutuhMisr,169,self,False
40,40.0,0257IbnCabdHakam.FutuhMisr,172,self,False
41,41.0,0257IbnCabdHakam.FutuhMisr,173,self,False
42,42.0,0257IbnCabdHakam.FutuhMisr,174,self,False
43,43.0,0257IbnCabdHakam.FutuhMisr,175,self,False
44,44.0,0257IbnCabdHakam.FutuhMisr,176,self,False
45,45.0,0257IbnCabdHakam.FutuhMisr,177,self,False
46,46.0,0257IbnCabdHakam.FutuhMisr,178,self,False
47,47.0,0257IbnCabdHakam.FutuhMisr,179,self,False
48,48.0,0257IbnCabdHakam.FutuhMisr,180,self,False
49,49.0,0257IbnCabdHakam.FutuhMisr,307,self,False
50,50.0,0257IbnCabdHakam.FutuhMisr,321,self,False
51,51.0,0257IbnCabdHakam.FutuhMisr,323,self,False
52,52.0,0257IbnCabdHakam.FutuhMisr,326,self,False
53,53.0,0257IbnCabdHakam.FutuhMisr,327,self,False
54,54.0,0257IbnCabdHakam.FutuhMisr,336,self,False
55,55.0,0257IbnCabdHakam.FutuhMisr,337,self,False
56,56.0,0257IbnCabdHakam.FutuhMisr,338,self,False
57,57.0,0257IbnCabdHakam.FutuhMisr,339,self,False
58,58.0,0257IbnCabdHakam.FutuhMisr,340,self,False
59,59.0,0257IbnCabdHakam.FutuhMisr,361,self,False
60,60.0,0257IbnCabdHakam.FutuhMisr,362,self,False
61,61.0,0257IbnCabdHakam.FutuhMisr,363,self,False
62,62.0,0257IbnCabdHakam.FutuhMisr,364,self,False
63,63.0,0257IbnCabdHakam.FutuhMisr,373,self,False
64,64.0,0257IbnCabdHakam.FutuhMisr,374,self,False
65,65.0,0257IbnCabdHakam.FutuhMisr,375,self,False
66,66.0,0257IbnCabdHakam.FutuhMisr,376,self,False
67,67.0,0257IbnCabdHakam.FutuhMisr,377,self,False
68,68.0,0257IbnCabdHakam.FutuhMisr,378,self,False
69,69.0,0257IbnCabdHakam.FutuhMisr,379,self,False
70,70.0,0257IbnCabdHakam.FutuhMisr,380,self,False
71,71.0,0257IbnCabdHakam.FutuhMisr,381,self,False
72,72.0,0257IbnCabdHakam.FutuhMisr,382,self,False
73,73.0,0257IbnCabdHakam.FutuhMisr,383,self,False
74,74.0,0257IbnCabdHakam.FutuhMisr,384,self,False
75,75.0,0257IbnCabdHakam.FutuhMisr,385,self,False
76,76.0,0257IbnCabdHakam.FutuhMisr,386,self,False
77,77.0,0257IbnCabdHakam.FutuhMisr,387,self,False
78,78.0,0257IbnCabdHakam.FutuhMisr,388,self,False
79,79.0,0257IbnCabdHakam.FutuhMisr,433,self,False
80,80.0,0257IbnCabdHakam.FutuhMisr,468,self,False
81,81.0,0257IbnCabdHakam.FutuhMisr,470,self,False
82,82.0,0257IbnCabdHakam.FutuhMisr,471,self,False
83,83.0,0257IbnCabdHakam.FutuhMisr,475,self,False
84,84.0,0257IbnCabdHakam.FutuhMisr,476,self,False
85,85.0,0257IbnCabdHakam.FutuhMisr,477,self,False
86,86.0,0257IbnCabdHakam.FutuhMisr,478,self,False
87,87.0,0257IbnCabdHakam.FutuhMisr,557,self,False
88,88.0,0257IbnCabdHakam.FutuhMisr,558,self,False
89,89.0,0257IbnCabdHakam.FutuhMisr,559,self,False
90,90.0,0257IbnCabdHakam.FutuhMisr,560,self,False
91,91.0,0257IbnCabdHakam.FutuhMisr,561,self,False
92,92.0,0257IbnCabdHakam.FutuhMisr,562,self,False
93,93.0,0257IbnCabdHakam.FutuhMisr,563,self,False
94,94.0,0257IbnCabdHakam.FutuhMisr,569,self,False
95,95.0,0257IbnCabdHakam.FutuhMisr,654,self,False
96,96.0,0257IbnCabdHakam.FutuhMisr,656,self,False
97,97.0,0257IbnCabdHakam.FutuhMisr,657,self,False
98,98.0,0257IbnCabdHakam.FutuhMisr,658,self,False
99,99.0,0257IbnCabdHakam.FutuhMisr,659,self,False
100,100.0,0257IbnCabdHakam.FutuhMisr,660,self,False
101,101.0,0257IbnCabdHakam.FutuhMisr,661,self,False
102,102.0,0257IbnCabdHakam.FutuhMisr,662,self,False
103,103.0,0257IbnCabdHakam.FutuhMisr,663,self,False
104,104.0,0257IbnCabdHakam.FutuhMisr,664,self,False
105,105.0,0257IbnCabdHakam.FutuhMisr,665,self,False
106,106.0,0257IbnCabdHakam.FutuhMisr,666,self,False
107,107.0,0257IbnCabdHakam.FutuhMisr,667,self,False
108,108.0,0257IbnCabdHakam.FutuhMisr,668,self,False
109,109.0,0257IbnCabdHakam.FutuhMisr,669,self,False
110,110.0,0257IbnCabdHakam.FutuhMisr,670,self,False
111,111.0,0257IbnCabdHakam.FutuhMisr,671,self,False
112,112.0,0257IbnCabdHakam.FutuhMisr,672,self,False
113,113.0,0257IbnCabdHakam.FutuhMisr,673,self,False
114,114.0,0257IbnCabdHakam.FutuhMisr,674,self,False
115,115.0,0257IbnCabdHakam.FutuhMisr,675,self,False
116,116.0,0257IbnCabdHakam.FutuhMisr,676,self,False
117,117.0,0257IbnCabdHakam.FutuhMisr,1421,self,False
118,118.0,0257IbnCabdHakam.FutuhMisr,1422,self,False
119,119.0,0257IbnCabdHakam.FutuhMisr,1432,self,False
120,120.0,0257IbnCabdHakam.FutuhMisr,1433,self,False
121,121.0,0257IbnCabdHakam.FutuhMisr,1434,self,False
122,122.0,0257IbnCabdHakam.FutuhMisr,1435,self,False
123,123.0,0257IbnCabdHakam.FutuhMisr,1436,self,False
124,124.0,0257IbnCabdHakam.FutuhMisr,1515,self,False
125,125.0,0257IbnCabdHakam.FutuhMisr,1697,self,False
126,126.0,0257IbnCabdHakam.FutuhMisr,1938,self,False
127,127.0,0257IbnCabdHakam.FutuhMisr,2230,self,False
128,128.0,0458IbnSidaMursi.MuhkamWaMuhit,1227,self,False
129,129.0,0458IbnSidaMursi.MuhkamWaMuhit,1387,self,False
130,130.0,0665AbuShama.Rawdatayn,1760,self,False
131,131.0,0310Tabari.Tarikh,350,self,False
132,132.0,0350Balawi.SiratAhmadIbnTulun,391,self,False
133,133.0,0350Balawi.SiratAhmadIbnTulun,524,self,False
134,134.0,0350Balawi.SiratAhmadIbnTulun,525,self,False
135,135.0,0350Balawi.SiratAhmadIbnTulun,1393,self,False
136,136.0,0350Balawi.SiratAhmadIbnTulun,1717,self,False
137,137.0,0350Balawi.SiratAhmadIbnTulun,1718,self,False
138,138.0,0350Balawi.SiratAhmadIbnTulun,1719,self,False
139,139.0,0350Balawi.SiratAhmadIbnTulun,1720,self,False
140,140.0,0350Balawi.SiratAhmadIbnTulun,1721,self,False
141,141.0,0350Balawi.SiratAhmadIbnTulun,1722,self,False
142,142.0,0350Balawi.SiratAhmadIbnTulun,2025,self,False
143,143.0,0350Balawi.SiratAhmadIbnTulun,2129,self,False
144,144.0,0350Balawi.SiratAhmadIbnTulun,2130,self,False
145,145.0,0692IbnCabdZahir.RawdaBahiyya,285,self,False
146,146.0,0692IbnCabdZahir.RawdaBahiyya,820,self,False
147,147.0,0692IbnCabdZahir.RawdaBahiyya,884,self,False
148,148.0,0692IbnCabdZahir.RawdaBahiyya,914,self,False
149,149.0,0692IbnCabdZahir.RawdaBahiyya,919,self,False
150,150.0,0692IbnCabdZahir.RawdaBahiyya,921,self,False
151,151.0,0692IbnCabdZahir.RawdaBahiyya,962,self,False
152,152.0,0692IbnCabdZahir.RawdaBahiyya,963,self,False
153,153.0,0692IbnCabdZahir.RawdaBahiyya,976,self,False
154,154.0,0692IbnCabdZahir.RawdaBahiyya,985,self,False
155,155.0,0692IbnCabdZahir.RawdaBahiyya,987,self,False
156,156.0,0692IbnCabdZahir.RawdaBahiyya,999,self,False
157,157.0,0692IbnCabdZahir.RawdaBahiyya,1001,self,False
158,158.0,0692IbnCabdZahir.RawdaBahiyya,1002,self,False
159,159.0,0692IbnCabdZahir.RawdaBahiyya,1003,self,False
160,160.0,0692IbnCabdZahir.RawdaBahiyya,1014,self,False
161,161.0,0692IbnCabdZahir.RawdaBahiyya,1030,self,False
162,162.0,0692IbnCabdZahir.RawdaBahiyya,1035,self,False
163,163.0,0692IbnCabdZahir.RawdaBahiyya,1038,self,False
164,164.0,0692IbnCabdZahir.RawdaBahiyya,1039,self,False
165,165.0,0692IbnCabdZahir.RawdaBahiyya,1052,self,False
166,166.0,0692IbnCabdZahir.RawdaBahiyya,1053,self,False
167,167.0,0692IbnCabdZahir.RawdaBahiyya,1056,self,False
168,168.0,0692IbnCabdZahir.RawdaBahiyya,1077,self,False
169,169.0,0692IbnCabdZahir.RawdaBahiyya,1080,self,False
170,170.0,0692IbnCabdZahir.RawdaBahiyya,1092,self,False
171,171.0,0692IbnCabdZahir.RawdaBahiyya,1093,self,False
172,172.0,0692IbnCabdZahir.RawdaBahiyya,1094,self,False
173,173.0,0692IbnCabdZahir.RawdaBahiyya,1095,self,False
174,174.0,0692IbnCabdZahir.RawdaBahiyya,1112,self,False
175,175.0,0692IbnCabdZahir.RawdaBahiyya,1120,self,False
176,176.0,0692IbnCabdZahir.RawdaBahiyya,1121,self,False
177,177.0,0692IbnCabdZahir.RawdaBahiyya,1128,self,False
178,178.0,0692IbnCabdZahir.RawdaBahiyya,1129,self,False
179,179.0,0692IbnCabdZahir.RawdaBahiyya,1138,self,False
180,180.0,0692IbnCabdZahir.RawdaBahiyya,1141,self,False
181,181.0,0692IbnCabdZahir.RawdaBahiyya,1147,self,False
182,182.0,0692IbnCabdZahir.RawdaBahiyya,1148,self,False
183,183.0,0692IbnCabdZahir.RawdaBahiyya,1153,self,False
184,184.0,0692IbnCabdZahir.RawdaBahiyya,1155,self,False
185,185.0,0692IbnCabdZahir.RawdaBahiyya,1156,self,False
186,186.0,0692IbnCabdZahir.RawdaBahiyya,1167,self,False
187,187.0,0692IbnCabdZahir.RawdaBahiyya,1191,self,False
188,188.0,0692IbnCabdZahir.RawdaBahiyya,1254,self,False
189,189.0,0692IbnCabdZahir.RawdaBahiyya,1293,self,False
190,190.0,0692IbnCabdZahir.RawdaBahiyya,1301,self,False
191,191.0,0692IbnCabdZahir.RawdaBahiyya,1309,self,False
192,192.0,0692IbnCabdZahir.RawdaBahiyya,1320,self,False
193,193.0,0692IbnCabdZahir.RawdaBahiyya,1322,self,False
194,194.0,0692IbnCabdZahir.RawdaBahiyya,1323,self,False
195,195.0,0692IbnCabdZahir.RawdaBahiyya,1329,self,False
196,196.0,0692IbnCabdZahir.RawdaBahiyya,1344,self,False
197,197.0,0692IbnCabdZahir.RawdaBahiyya,1364,self,False
198,198.0,0692IbnCabdZahir.RawdaBahiyya,1392,self,False
199,199.0,0692IbnCabdZahir.RawdaBahiyya,1395,self,False
200,200.0,0692IbnCabdZahir.RawdaBahiyya,1396,self,False
201,201.0,0692IbnCabdZahir.RawdaBahiyya,1397,self,False
202,202.0,0692IbnCabdZahir.RawdaBahiyya,1406,self,False
203,203.0,0692IbnCabdZahir.RawdaBahiyya,1426,self,False
204,204.0,0692IbnCabdZahir.RawdaBahiyya,1439,self,False
205,205.0,0692IbnCabdZahir.RawdaBahiyya,1440,self,False
206,206.0,0692IbnCabdZahir.RawdaBahiyya,1443,self,False
207,207.0,0692IbnCabdZahir.RawdaBahiyya,1573,self,False
208,208.0,0692IbnCabdZahir.RawdaBahiyya,1574,self,False
209,209.0,0692IbnCabdZahir.RawdaBahiyya,1575,self,False
210,210.0,0692IbnCabdZahir.RawdaBahiyya,1576,self,False
211,211.0,0692IbnCabdZahir.RawdaBahiyya,1638,self,False
212,212.0,0692IbnCabdZahir.RawdaBahiyya,1717,self,False
213,213.0,0692IbnCabdZahir.RawdaBahiyya,1722,self,False
214,214.0,0692IbnCabdZahir.RawdaBahiyya,1723,self,False
215,215.0,0692IbnCabdZahir.RawdaBahiyya,1740,self,False
216,216.0,0692IbnCabdZahir.RawdaBahiyya,1746,self,False
217,217.0,0692IbnCabdZahir.RawdaBahiyya,1747,self,False
218,218.0,0692IbnCabdZahir.RawdaBahiyya,1774,self,False
219,219.0,0692IbnCabdZahir.RawdaBahiyya,1782,self,False
220,220.0,0692IbnCabdZahir.RawdaBahiyya,1796,self,False
221,221.0,0692IbnCabdZahir.RawdaBahiyya,1946,self,False
222,222.0,0692IbnCabdZahir.RawdaBahiyya,1947,self,False
223,223.0,0692IbnCabdZahir.RawdaBahiyya,1958,self,False
224,224.0,0692IbnCabdZahir.RawdaBahiyya,1959,self,False
225,225.0,0692IbnCabdZahir.RawdaBahiyya,2037,self,False
226,226.0,0692IbnCabdZahir.RawdaBahiyya,2038,self,False
227,227.0,0692IbnCabdZahir.RawdaBahiyya,2041,self,False
228,228.0,0350MuhammadKindi.WulatMisr,1477,self,False
229,229.0,0350MuhammadKindi.WulatMisr,1521,self,False
230,230.0,0350MuhammadKindi.WulatMisr,1522,self,False
231,231.0,0350MuhammadKindi.WulatMisr,1531,self,False
232,232.0,0350MuhammadKindi.WulatMisr,2025,self,False
233,233.0,0346Mascudi.MurujDhahab,119,self,False
234,234.0,0346Mascudi.MurujDhahab,263,self,False
235,235.0,0346Mascudi.MurujDhahab,264,self,False
236,236.0,0346Mascudi.MurujDhahab,452,self,False
237,237.0,0346Mascudi.MurujDhahab,453,self,False
238,238.0,0346Mascudi.MurujDhahab,454,self,False
239,239.0,0346Mascudi.MurujDhahab,462,self,False
240,240.0,0346Mascudi.MurujDhahab,1391,self,False
241,241.0,0748Adfuwi,539,self,False
242,242.0,0748Adfuwi.TalicSacid,540,self,False
243,243.0,0420Musabbihi.AkhbarMisr,166,self,False
244,244.0,0420Musabbihi.AkhbarMisr,415,self,False
245,245.0,0420Musabbihi.AkhbarMisr,487,self,False
246,246.0,0420Musabbihi.AkhbarMisr,605,self,False
247,247.0,0420Musabbihi.AkhbarMisr,606,self,False
248,248.0,0420Musabbihi.AkhbarMisr,1015,self,False
249,249.0,0420Musabbihi.AkhbarMisr,1046,self,False
250,250.0,0420Musabbihi.AkhbarMisr,1172,self,False
251,251.0,0420Musabbihi.AkhbarMisr,1357,self,False
252,252.0,0420Musabbihi.AkhbarMisr,1441,self,False
253,253.0,0420Musabbihi.AkhbarMisr,1682,self,False
254,254.0,0420Musabbihi.AkhbarMisr,1757,self,False
255,255.0,0420Musabbihi.AkhbarMisr,1786,self,False
256,256.0,0420Musabbihi.AkhbarMisr,2032,self,False
257,257.0,0337QudamaIbnJacfar,119,self,False
258,258.0,0241IbnHanbal,1700,self,False
259,259.0,0150AbuHanifa,224,self,False
260,260.0,0774IbnKathir,1736,self,False
261,261.0,0230IbnSacd.TabaqatKubra,1728,self,False
262,262.0,0596IbnWasifShah.MukhtasarCajaibDunya,159,self,False
263,263.0,0596IbnWasifShah.MukhtasarCajaibDunya,170,self,False
264,264.0,0596IbnWasifShah.MukhtasarCajaibDunya,295,self,False
265,265.0,0596IbnWasifShah.MukhtasarCajaibDunya,296,self,False
266,266.0,0596IbnWasifShah.MukhtasarCajaibDunya,297,self,False
267,267.0,0596IbnWasifShah.MukhtasarCajaibDunya,321,self,False
268,268.0,0596IbnWasifShah.MukhtasarCajaibDunya,322,self,False
269,269.0,0596IbnWasifShah.MukhtasarCajaibDunya,330,self,False
270,270.0,0596IbnWasifShah.MukhtasarCajaibDunya,335,self,False
271,271.0,0596IbnWasifShah.MukhtasarCajaibDunya,336,self,False
272,272.0,0596IbnWasifShah.MukhtasarCajaibDunya,358,self,False
273,273.0,0596IbnWasifShah.MukhtasarCajaibDunya,402,self,False
274,274.0,0596IbnWasifShah.MukhtasarCajaibDunya,403,self,False
275,275.0,0596IbnWasifShah.MukhtasarCajaibDunya,417,self,False
276,276.0,0596IbnWasifShah.MukhtasarCajaibDunya,521,self,False
277,277.0,0596IbnWasifShah.MukhtasarCajaibDunya,529,self,False
278,278.0,0596IbnWasifShah.MukhtasarCajaibDunya,530,self,False
279,279.0,0596IbnWasifShah.MukhtasarCajaibDunya,533,self,False
280,280.0,0596IbnWasifShah.MukhtasarCajaibDunya,534,self,False
281,281.0,0596IbnWasifShah.MukhtasarCajaibDunya,536,self,False
282,282.0,0596IbnWasifShah.MukhtasarCajaibDunya,537,self,False
283,283.0,0596IbnWasifShah.MukhtasarCajaibDunya,540,self,False
284,284.0,0596IbnWasifShah.MukhtasarCajaibDunya,543,self,False
285,285.0,0596IbnWasifShah.MukhtasarCajaibDunya,545,self,False
286,286.0,0596IbnWasifShah.MukhtasarCajaibDunya,547,self,False
287,287.0,0596IbnWasifShah.MukhtasarCajaibDunya,548,self,False
288,288.0,0596IbnWasifShah.MukhtasarCajaibDunya,549,self,False
289,289.0,0596IbnWasifShah.MukhtasarCajaibDunya,550,self,False
290,290.0,0596IbnWasifShah.MukhtasarCajaibDunya,551,self,False
291,291.0,0596IbnWasifShah.MukhtasarCajaibDunya,552,self,False
292,292.0,0596IbnWasifShah.MukhtasarCajaibDunya,553,self,False
293,293.0,0596IbnWasifShah.MukhtasarCajaibDunya,612,self,False
294,294.0,0596IbnWasifShah.MukhtasarCajaibDunya,789,self,False
295,295.0,0596IbnWasifShah.MukhtasarCajaibDunya,2182,self,False
296,296.0,0596IbnWasifShah.MukhtasarCajaibDunya,2183,self,False
297,297.0,0262CumarIbnShabba,112,self,False
298,298.0,0367IbnHawqal.SuratArd,261,self,False
299,299.0,0367IbnHawqal.SuratArd,262,self,False
300,300.0,0730ShaficIbnCali,523,self,False
301,301.0,0730ShaficIbnCali,2106,self,False
302,302.0,0300IbnKhurdadhbih.MasalikWaMamalik,487,self,False
303,303.0,0209AbuCubayda,915,self,False
304,304.0,0198SufyanIbnCuyayna,219,self,False
305,305.0,0454Qudaci,378,self,False
306,306.0,0454Qudaci,1436,self,False
307,307.0,0454Qudaci,1473,self,False
308,308.0,0454Qudaci,1515,self,False
309,309.0,0454Qudaci,1720,self,False
310,310.0,0454Qudaci,2126,self,False
311,311.0,0646IbnBaytarAndalusi.JamicLiMufradat,1403,self,False
312,312.0,0606IbnMamati.QawaninDawawin,161,self,False
313,313.0,0375AnonymousTranslator.TarikhCalamUrusiyus,19,self,False
314,314.0,0375AnonymousTranslator.TarikhCalamUrusiyus,20,self,False
315,315.0,0375AnonymousTranslator.TarikhCalamUrusiyus,352,self,False
316,316.0,0375AnonymousTranslator.TarikhCalamUrusiyus,353,self,False
317,317.0,0375AnonymousTranslator.TarikhCalamUrusiyus,354,self,False
318,318.0,0375AnonymousTranslator.TarikhCalamUrusiyus,544,self,False
319,319.0,0182AbuYusufYacqub.Kharaj,1389,self,False
320,324.0,0182AbuYusufYacqub.Athar,1389,self,False
321,325.0,0182AbuYusufYacqub.Kharaj,1390,self,False
322,327.0,0182AbuYusufYacqub.Kharaj,1391,self,False
0,,0692IbnCabdZahir.RawdaBahiyya,1023,0845Maqrizi.MusawwadatMawaciz.272,True
0,,0420Musabbihi.AkhbarMisr,922,0845Maqrizi.MusawwadatMawaciz.195,False
1,,0692IbnCabdZahir.RawdaBahiyya,922,0845Maqrizi.MusawwadatMawaciz.196,True
0,,0257IbnCabdHakam.FutuhMisr,179,0911Suyuti.HusnMuhadara.102,False
1,,0257IbnCabdHakam.FutuhMisr,179,0911Suyuti.HusnMuhadara.102,True
2,,0257IbnCabdHakam.FutuhMisr,179,0911Suyuti.HusnMuhadara.103,True
0,,0262CumarIbnShabba,112,0930IbnIyas.NuzhatUmam.25,False
1,,0230IbnSacd.TabaqatKubra,112,0845Maqrizi.ImtacAsmac.2845,True
0,,0820IbnMutawwaj,1523,0911Suyuti.HusnMuhadara.670,True
0,,0420Musabbihi.AkhbarMisr,1761,0845Maqrizi.ItticazHunafa.155,False
1,,0420Musabbihi.AkhbarMisr,1761,0874IbnTaghribirdi.NujumZahira.824,False
0,,0337QudamaIbnJacfar,547,0930IbnIyas.NuzhatUmam.57,True
0,,0692IbnCabdZahir.RawdaBahiyya,951,0845Maqrizi.MusawwadatMawaciz.217,False
0,,0337QudamaIbnJacfar,117,0930IbnIyas.NuzhatUmam.57,True
0,,0692IbnCabdZahir.RawdaBahiyya,921,0845Maqrizi.MusawwadatMawaciz.188,False
0,,0209AbuCubayda,2070,0468IbnAhmadWahidiNaysaburi.WasitFiTafsir.339,True
0,,0276IbnQutaybaDinawari,93,0745AbuHayyanGharnati.TafsirBahrMuhit.3841,False
1,,0241IbnHanbal,93,0654SibtIbnJawzi.MiratZaman.435,True
0,,0695SarrajDinWaraq,1795,0764Safadi.AcyanCasr.1680,False
0,,0257IbnCabdHakam.FutuhMisr,378,0733Nuwayri.NihayatArab.4148,False
1,,0257IbnCabdHakam.FutuhMisr,378,0911Suyuti.HusnMuhadara.82,False
2,,0257IbnCabdHakam.FutuhMisr,378,0733Nuwayri.NihayatArab.4148,True
0,,0198SufyanIbnCuyayna,964,0742Mizzi.TahdhibKamal.1383,True
0,,0257IbnCabdHakam.FutuhMisr,1678,0874IbnTaghribirdi.NujumZahira.54,True
0,,0692IbnCabdZahir.RawdaBahiyya,875,0845Maqrizi.MusawwadatMawaciz.341,False
0,,0692IbnCabdZahir.RawdaBahiyya,1237,0845Maqrizi.MusawwadatMawaciz.396,True
0,,0692IbnCabdZahir.RawdaBahiyya,1179,0845Maqrizi.MusawwadatMawaciz.379,False
1,,0692IbnCabdZahir.RawdaBahiyya,1179,0845Maqrizi.MusawwadatMawaciz.379,True
2,,0692IbnCabdZahir.RawdaBahiyya,1179,0845Maqrizi.MusawwadatMawaciz.380,True
0,,0257IbnCabdHakam.FutuhMisr,61,0783IbnHadida.MisbahMudi.200,True
1,,0257IbnCabdHakam.FutuhMisr,61,0911Suyuti.HusnMuhadara.65,True
0,,0692IbnCabdZahir.RawdaBahiyya,856,0845Maqrizi.MusawwadatMawaciz.116,False
1,,0692IbnCabdZahir.RawdaBahiyya,856,0736IbnDawadari.KanzDurar.1418,True
2,,0692IbnCabdZahir.RawdaBahiyya,856,0821Qalqashandi.SubhAcsha.926,True
0,,0630IbnAbiTayyi,982,0845Maqrizi.MusawwadatMawaciz.225,False
1,,0692IbnCabdZahir.RawdaBahiyya,982,0845Maqrizi.MusawwadatMawaciz.224,True
0,,0209AbuCubayda,339,0244IbnSikkit.Alfaz.9,False
1,,0209AbuCubayda,339,0395IbnFarisQazwini.MutakhayyarAlfaz.24,False
2,,0209AbuCubayda,339,0769IbnCaqilBahaDinMisri.Musacid.821,False
3,,0257IbnCabdHakam.FutuhMisr,339,0911Suyuti.HusnMuhadara.56,False
4,,0257IbnCabdHakam.FutuhMisr,339,0911Suyuti.HusnMuhadara.57,True
0,,0151IbnIshaq.Sira,337,0338AbuJacfarNahhas.MacaniQuran.479,False
1,,0151IbnIshaq.Sira,337,0369AbuShaykhIsbahani.Cuzma.284,False
2,,0257IbnCabdHakam.FutuhMisr,337,0911Suyuti.HusnMuhadara.56,True
0,,0337QudamaIbnJacfar,119,0930IbnIyas.NuzhatUmam.57,False
1,,0375AnonymousTranslator.TarikhCalamUrusiyus,119,0930IbnIyas.NuzhatUmam.58,False
2,,0375AnonymousTranslator.TarikhCalamUrusiyus,119,0930IbnIyas.NuzhatUmam.58,True
0,,0454Qudaci,1463,0626YaqutHamawi.MucjamBuldan.518,False
0,,0241IbnHanbal,51,0676Nawawi.MinhajFiSharhMuslim.2282,False
1,,0151IbnIshaq.Sira,51,0845Maqrizi.KhabarCanBashar.2593,False
0,,0350MuhammadKindi.WulatMisr,1868,0852IbnHajarCasqalani.RafcIsr.64,False
1,,0257IbnCabdHakam.FutuhMisr,1868,0845Maqrizi.Muqaffa.654,True
0,,0257IbnCabdHakam.FutuhMisr,255,0911Suyuti.HusnMuhadara.45,False
1,,0695SarrajDinWaraq,255,0930IbnIyas.NuzhatUmam.130,True
0,,0257IbnCabdHakam.FutuhMisr,563,0911Suyuti.HusnMuhadara.26,False
1,,0257IbnCabdHakam.FutuhMisr,563,0930IbnIyas.NuzhatUmam.205,False
0,,0454Qudaci,1437,0626YaqutHamawi.MucjamBuldan.1214,False
1,,0692IbnCabdZahir.RawdaBahiyya,1437,0821Qalqashandi.SubhAcsha.890,False
2,,0454Qudaci,1437,0821Qalqashandi.SubhAcsha.890,False
0,,0257IbnCabdHakam.FutuhMisr,62,0783IbnHadida.MisbahMudi.200,False
1,,0257IbnCabdHakam.FutuhMisr,62,0911Suyuti.HusnMuhadara.65,False
0,,0454Qudaci,1436,0626YaqutHamawi.MucjamBuldan.1214,False
1,,0692IbnCabdZahir.RawdaBahiyya,1436,0821Qalqashandi.SubhAcsha.890,False
2,,0454Qudaci,1436,0821Qalqashandi.SubhAcsha.890,False
3,,0257IbnCabdHakam.FutuhMisr,1436,0911Suyuti.HusnMuhadara.107,False
4,,0257IbnCabdHakam.FutuhMisr,1436,0911Suyuti.HusnMuhadara.108,False
5,,0692IbnCabdZahir.RawdaBahiyya,1436,0692IbnCabdZahir.RawdaBahiyya.99,True
6,,0257IbnCabdHakam.FutuhMisr,1436,0911Suyuti.HusnMuhadara.108,True
0,,0151IbnIshaq.Sira,225,0385IbnNadim.Fihrist.289,True
0,,0257IbnCabdHakam.FutuhMisr,174,0911Suyuti.HusnMuhadara.98,False
0,,0300IbnKhurdadhbih,516,0930IbnIyas.NuzhatUmam.191,False
1,,0300IbnKhurdadhbih,516,0930IbnIyas.NuzhatUmam.191,True
2,,0596IbnWasifShah.MukhtasarCajaibDunya,516,0930IbnIyas.NuzhatUmam.192,True
0,,0257IbnCabdHakam.FutuhMisr,654,0911Suyuti.HusnMuhadara.34,False
0,,0257IbnCabdHakam.FutuhMisr,131,0634AbuRabicHimyari.Iktifa.1007,False
1,,0454Qudaci,131,0682ZakariyaQazwini.AtharBilad.202,False
2,,0257IbnCabdHakam.FutuhMisr,131,0911Suyuti.HusnMuhadara.652,False
3,,0420Musabbihi.AkhbarMisr,131,0911Suyuti.HusnMuhadara.652,False
4,,0209AbuCubayda,131,0911Suyuti.JamicKabir.3136,False
5,,0257IbnCabdHakam.FutuhMisr,131,0930IbnIyas.BadaicZuhur.89,False
6,,0596IbnWasifShah.MukhtasarCajaibDunya,131,0930IbnIyas.BadaicZuhur.89,False
7,,0257IbnCabdHakam.FutuhMisr,131,0930IbnIyas.NuzhatUmam.69,False
8,,0230IbnSacd.TabaqatKubra,131,0597IbnJawzi.Muntazam.1042,True
9,,0257IbnCabdHakam.FutuhMisr,131,0634AbuRabicHimyari.Iktifa.1007,True
10,,0257IbnCabdHakam.FutuhMisr,131,0634AbuRabicHimyari.Iktifa.1008,True
11,,0209AbuCubayda,131,0911Suyuti.JamicKabir.3136,True
12,,0209AbuCubayda,131,0911Suyuti.JamicKabir.3137,True
13,,0257IbnCabdHakam.FutuhMisr,131,0930IbnIyas.BadaicZuhur.89,True
14,,0596IbnWasifShah.MukhtasarCajaibDunya,131,0930IbnIyas.BadaicZuhur.89,True
15,,0454Qudaci,131,0930IbnIyas.NuzhatUmam.71,True
0,,0487Bakri,2244,0845Maqrizi.KhabarCanBashar.2719,False
0,,0257IbnCabdHakam.FutuhMisr,1513,0911Suyuti.HusnMuhadara.668,False
1,,0454Qudaci,1513,0911Suyuti.HusnMuhadara.668,False
0,,0458IbnSidaMursi.MuhkamWaMuhit,404,0845Maqrizi.KhabarCanBashar.3009,False
1,,0487Bakri,404,0845Maqrizi.KhabarCanBashar.3009,False
2,,0458IbnSidaMursi.MuhkamWaMuhit,404,0845Maqrizi.KhabarCanBashar.3009,True
3,,0487Bakri,404,0845Maqrizi.KhabarCanBashar.3009,True
0,,0487Bakri,2157,0845Maqrizi.KhabarCanBashar.2719,True
0,,0454Qudaci,667,0626YaqutHamawi.MucjamBuldan.2390,False
1,,0151IbnIshaq.Sira,667,0874IbnTaghribirdi.NujumZahira.15,True
2,,0257IbnCabdHakam.FutuhMisr,667,0874IbnTaghribirdi.NujumZahira.15,True
0,,0257IbnCabdHakam.FutuhMisr,48,0930IbnIyas.NuzhatUmam.93,False
1,,0596IbnWasifShah.MukhtasarCajaibDunya,48,0930IbnIyas.NuzhatUmam.93,False
2,,0209AbuCubayda,48,0338AbuJacfarNahhas.MacaniQuran.577,True
3,,0774IbnKathir,48,0874IbnTaghribirdi.NujumZahira.21,True
4,,0257IbnCabdHakam.FutuhMisr,48,0930IbnIyas.NuzhatUmam.94,True
0,,0692IbnCabdZahir.RawdaBahiyya,1009,0845Maqrizi.MusawwadatMawaciz.300,True
0,,0375AnonymousTranslator.TarikhCalamUrusiyus,17,0930IbnIyas.NuzhatUmam.3,False
1,,0375AnonymousTranslator.TarikhCalamUrusiyus,17,0930IbnIyas.NuzhatUmam.3,True
0,,0692IbnCabdZahir.RawdaBahiyya,1054,0845Maqrizi.MusawwadatMawaciz.307,False
0,,0198SufyanIbnCuyayna,383,0487AbuCubaydBakri.MasalikWaMamalik.379,False
1,,0257IbnCabdHakam.FutuhMisr,383,0911Suyuti.HusnMuhadara.89,False
2,,0454Qudaci,383,0911Suyuti.HusnMuhadara.89,False
3,,0257IbnCabdHakam.FutuhMisr,383,0634AbuRabicHimyari.Iktifa.1007,True
4,,0257IbnCabdHakam.FutuhMisr,383,0911Suyuti.HusnMuhadara.90,True
0,,0151IbnIshaq.Sira,423,0774IbnKathir.TafsirQuran.333,False
1,,0209AbuCubayda,423,0538JarAllahZamakhshari.Kashshaf.121,True
2,,0209AbuCubayda,423,0710IbnAhmadHafizDinNasafi.Tafsir.65,True
0,,0692IbnCabdZahir.RawdaBahiyya,1000,0845Maqrizi.MusawwadatMawaciz.278,False
0,,0209AbuCubayda,646,0328AbuBakrIbnAnbari.SharhQasaidSabc.162,False
1,,0310Tabari.Tarikh,646,0487AbuCubaydBakri.SimtLaaliFiSharhAmali.5,False
2,,0209AbuCubayda,646,0573NashwanHimyari.ShamsCulum.2138,False
3,,0209AbuCubayda,646,0328AbuBakrIbnAnbari.SharhQasaidSabc.163,True
4,,0209AbuCubayda,646,0845Maqrizi.KhabarCanBashar.1685,True
0,,0454Qudaci,210,0821Qalqashandi.Maathir.448,False
1,,0454Qudaci,210,0821Qalqashandi.Maathir.449,True
0,,0350MuhammadKindi.WulatMisr,1387,0626YaqutHamawi.MucjamBuldan.2386,False
1,,0257IbnCabdHakam.FutuhMisr,1387,0634AbuRabicHimyari.Iktifa.978,True
2,,0257IbnCabdHakam.FutuhMisr,1387,0733Nuwayri.NihayatArab.4137,True
0,,0257IbnCabdHakam.FutuhMisr,677,0911Suyuti.HusnMuhadara.89,False
1,,0454Qudaci,677,0911Suyuti.HusnMuhadara.89,False
2,,0257IbnCabdHakam.FutuhMisr,677,0911Suyuti.HusnMuhadara.90,True
0,,0630IbnAbiTayyi,1154,0665AbuShama.Rawdatayn.318,False
0,,0310Tabari.Tarikh,1865,0762MughultayIbnQilij.IkmalTahdhib.1832,False
0,,0151IbnIshaq.Sira,674,0874IbnTaghribirdi.NujumZahira.15,False
1,,0257IbnCabdHakam.FutuhMisr,674,0874IbnTaghribirdi.NujumZahira.15,False
2,,0257IbnCabdHakam.FutuhMisr,674,0911Suyuti.HusnMuhadara.86,False
3,,0257IbnCabdHakam.FutuhMisr,674,0911Suyuti.HusnMuhadara.91,False
4,,0257IbnCabdHakam.FutuhMisr,674,0911Suyuti.HusnMuhadara.92,True
0,,0257IbnCabdHakam.FutuhMisr,168,0911Suyuti.HusnMuhadara.28,False
1,,0596IbnWasifShah.MukhtasarCajaibDunya,168,0930IbnIyas.NuzhatUmam.103,True
0,,0209AbuCubayda,2156,0255Jahiz.BayanWaTabyin.18,True
1,,0487Bakri,2156,0845Maqrizi.KhabarCanBashar.2719,True
0,,0300IbnKhurdadhbih,513,0930IbnIyas.NuzhatUmam.191,True
0,,0774IbnKathir,56,0874IbnTaghribirdi.NujumZahira.21,False
1,,0257IbnCabdHakam.FutuhMisr,56,0911Suyuti.HusnMuhadara.20,False
2,,0257IbnCabdHakam.FutuhMisr,56,0874IbnTaghribirdi.NujumZahira.23,True
0,,0692IbnCabdZahir.RawdaBahiyya,1045,0845Maqrizi.MusawwadatMawaciz.278,True
0,,0692IbnCabdZahir.RawdaBahiyya,912,0845Maqrizi.MusawwadatMawaciz.280,True
0,,0257IbnCabdHakam.FutuhMisr,178,0911Suyuti.HusnMuhadara.102,True
0,,0820IbnMutawwaj,1428,0911Suyuti.HusnMuhadara.677,True
0,,0820IbnMutawwaj,1521,0911Suyuti.HusnMuhadara.670,True
0,,0241IbnHanbal,25,0654SibtIbnJawzi.MiratZaman.27,False
0,,0310Tabari.Tarikh,350,0597IbnJawzi.Muntazam.179,False
1,,0209AbuCubayda,350,0845Maqrizi.KhabarCanBashar.923,True
0,,0257IbnCabdHakam.FutuhMisr,388,0911Suyuti.HusnMuhadara.57,False
1,,0257IbnCabdHakam.FutuhMisr,388,0930IbnIyas.NuzhatUmam.156,False
2,,0350Balawi.SiratAhmadIbnTulun,388,0930IbnIyas.NuzhatUmam.156,False
0,,0257IbnCabdHakam.FutuhMisr,1703,0911Suyuti.HusnMuhadara.106,False
1,,0257IbnCabdHakam.FutuhMisr,1703,0911Suyuti.HusnMuhadara.106,True
2,,0257IbnCabdHakam.FutuhMisr,1703,0911Suyuti.HusnMuhadara.107,True
0,,0454Qudaci,729,0874IbnTaghribirdi.NujumZahira.561,False
1,,0454Qudaci,729,0874IbnTaghribirdi.NujumZahira.562,False
2,,0454Qudaci,729,0874IbnTaghribirdi.NujumZahira.562,True
0,,0596IbnWasifShah.MukhtasarCajaibDunya,527,0930IbnIyas.NuzhatUmam.197,True
0,,0692IbnCabdZahir.RawdaBahiyya,1052,0845Maqrizi.MusawwadatMawaciz.307,True
0,,0692IbnCabdZahir.RawdaBahiyya,1012,0845Maqrizi.MusawwadatMawaciz.300,True
0,,0454Qudaci,1689,0852IbnHajarCasqalani.RafcIsr.134,True
0,,0276IbnQutaybaDinawari,94,0930IbnIyas.NuzhatUmam.52,True
0,,0151IbnIshaq.Sira,262,0385IbnNadim.Fihrist.411,False
0,,0692IbnCabdZahir.RawdaBahiyya,1079,0845Maqrizi.MusawwadatMawaciz.327,True
0,,0209AbuCubayda,2089,0279Baladhuri.AnsabAshraf.2372,False
1,,0209AbuCubayda,2089,0654SibtIbnJawzi.MiratZaman.3887,False
0,,0454Qudaci,727,0874IbnTaghribirdi.NujumZahira.561,True
0,,0596IbnWasifShah.MukhtasarCajaibDunya,294,0930IbnIyas.NuzhatUmam.138,False
1,,0487Bakri,294,0749IbnFadlAllahCumari.MasalikAbsar.226,True
2,,0596IbnWasifShah.MukhtasarCajaibDunya,294,0930IbnIyas.NuzhatUmam.138,True
0,,0820IbnMutawwaj,356,0911Suyuti.HusnMuhadara.59,True
1,,0596IbnWasifShah.MukhtasarCajaibDunya,356,0930IbnIyas.NuzhatUmam.148,True
0,,0209AbuCubayda,673,0240IbnKhayyatCusfuri.Tarikh.62,False
1,,0454Qudaci,673,0626YaqutHamawi.MucjamBuldan.2390,False
2,,0257IbnCabdHakam.FutuhMisr,673,0911Suyuti.HusnMuhadara.85,False
3,,0257IbnCabdHakam.FutuhMisr,673,0911Suyuti.HusnMuhadara.86,False
4,,0257IbnCabdHakam.FutuhMisr,673,0911Suyuti.HusnMuhadara.86,True
0,,0630IbnAbiTayyi,961,0845Maqrizi.MusawwadatMawaciz.221,False
1,,0420Musabbihi.AkhbarMisr,961,0874IbnTaghribirdi.NujumZahira.822,False
2,,0692IbnCabdZahir.RawdaBahiyya,961,0845Maqrizi.MusawwadatMawaciz.327,True
0,,0151IbnIshaq.Sira,1730,0845Maqrizi.ImtacAsmac.2184,False
0,,0209AbuCubayda,113,0437MakkiIbnHammushQaysi.Hidaya.1832,False
1,,0209AbuCubayda,113,0597IbnJawzi.GharibHadith.15,False
2,,0257IbnCabdHakam.FutuhMisr,113,0911Suyuti.HusnMuhadara.641,False
3,,0276IbnQutaybaDinawari,113,0930IbnIyas.NuzhatUmam.52,False
4,,0257IbnCabdHakam.FutuhMisr,113,0977KhatibShirbini.SirajMunir.3241,False
5,,0209AbuCubayda,113,0338AbuJacfarNahhas.MacaniQuran.577,True
6,,0276IbnQutaybaDinawari,113,0597IbnJawzi.GharibHadith.16,True
7,,0257IbnCabdHakam.FutuhMisr,113,0634AbuRabicHimyari.Iktifa.1007,True
8,,0276IbnQutaybaDinawari,113,0930IbnIyas.NuzhatUmam.52,True
0,,0692IbnCabdZahir.RawdaBahiyya,997,0845Maqrizi.MusawwadatMawaciz.292,False
0,,0487Bakri,1582,0789IbnMuhammadKhuzaci.TakhrijDalalat.162,False
0,,0375AnonymousTranslator.TarikhCalamUrusiyus,28,0375AnonymousTranslator.TarikhCalamUrusiyus.21,False
0,,0257IbnCabdHakam.FutuhMisr,281,0930IbnIyas.NuzhatUmam.133,False
1,,0257IbnCabdHakam.FutuhMisr,281,0930IbnIyas.NuzhatUmam.133,True
0,,0257IbnCabdHakam.FutuhMisr,180,0911Suyuti.HusnMuhadara.102,False
1,,0257IbnCabdHakam.FutuhMisr,180,0911Suyuti.HusnMuhadara.103,True
0,,0692IbnCabdZahir.RawdaBahiyya,962,0845Maqrizi.Muqaffa.1416,False
1,,0692IbnCabdZahir.RawdaBahiyya,962,0845Maqrizi.MusawwadatMawaciz.327,False
0,,0257IbnCabdHakam.FutuhMisr,50,0930IbnIyas.BadaicZuhur.5,False
0,,0692IbnCabdZahir.RawdaBahiyya,1053,0845Maqrizi.MusawwadatMawaciz.302,False
1,,0692IbnCabdZahir.RawdaBahiyya,1053,0845Maqrizi.MusawwadatMawaciz.307,False
2,,0692IbnCabdZahir.RawdaBahiyya,1053,0692IbnCabdZahir.RawdaBahiyya.96,True
3,,0692IbnCabdZahir.RawdaBahiyya,1053,0845Maqrizi.MusawwadatMawaciz.307,True
0,,0375AnonymousTranslator.TarikhCalamUrusiyus,15,0930IbnIyas.NuzhatUmam.3,True
0,,0420Musabbihi.AkhbarMisr,1144,0845Maqrizi.ItticazHunafa.229,False
0,,0820IbnMutawwaj,1688,0911Suyuti.HusnMuhadara.577,False
1,,0692IbnCabdZahir.RawdaBahiyya,1688,0911Suyuti.HusnMuhadara.578,True
2,,0454Qudaci,1688,0911Suyuti.HusnMuhadara.578,True
0,,0257IbnCabdHakam.FutuhMisr,562,0911Suyuti.HusnMuhadara.25,False
1,,0257IbnCabdHakam.FutuhMisr,562,0911Suyuti.HusnMuhadara.26,False
2,,0257IbnCabdHakam.FutuhMisr,562,0911Suyuti.HusnMuhadara.26,True
0,,0420Musabbihi.AkhbarMisr,2101,0874IbnTaghribirdi.NujumZahira.824,True
0,,0257IbnCabdHakam.FutuhMisr,473,0930IbnIyas.NuzhatUmam.175,False
0,,0257IbnCabdHakam.FutuhMisr,328,0930IbnIyas.NuzhatUmam.146,True
1,,0596IbnWasifShah.MukhtasarCajaibDunya,328,0930IbnIyas.NuzhatUmam.146,True
0,,0692IbnCabdZahir.RawdaBahiyya,1051,0845Maqrizi.MusawwadatMawaciz.302,False
0,,0454Qudaci,42,0821Qalqashandi.SubhAcsha.901,False
1,,0454Qudaci,42,0821Qalqashandi.SubhAcsha.902,True
0,,0454Qudaci,310,0821Qalqashandi.SubhAcsha.901,False
1,,0257IbnCabdHakam.FutuhMisr,310,0911Suyuti.HusnMuhadara.20,False
2,,0454Qudaci,310,0821Qalqashandi.SubhAcsha.902,True
0,,0350Balawi.SiratAhmadIbnTulun,523,0930IbnIyas.NuzhatUmam.194,True
0,,0257IbnCabdHakam.FutuhMisr,456,0930IbnIyas.NuzhatUmam.169,False
0,,0151IbnIshaq.Sira,424,0733Nuwayri.NihayatArab.3670,False
1,,0151IbnIshaq.Sira,424,0733Nuwayri.NihayatArab.3671,False
2,,0209AbuCubayda,424,0966HusaynDiyarbakri.TarikhKhamis.1290,False
3,,0230IbnSacd.TabaqatKubra,424,0230IbnSacd.TabaqatKubra.236,True
4,,0151IbnIshaq.Sira,424,0733Nuwayri.NihayatArab.3671,True
5,,0209AbuCubayda,424,0852IbnHajarCasqalani.FathBari.4247,True
0,,0820IbnMutawwaj,1431,0911Suyuti.HusnMuhadara.677,True
0,,0209AbuCubayda,2090,0654SibtIbnJawzi.MiratZaman.3887,True
0,,0596IbnWasifShah.MukhtasarCajaibDunya,293,0930IbnIyas.NuzhatUmam.138,True
0,,0276IbnQutaybaDinawari,40,0685IbnSacidMaghribi.NashwatTarab.23,False
0,,0692IbnCabdZahir.RawdaBahiyya,1195,0845Maqrizi.MusawwadatMawaciz.360,False
0,,0454Qudaci,2136,0626YaqutHamawi.MucjamBuldan.518,False
0,,0596IbnWasifShah.MukhtasarCajaibDunya,609,0930IbnIyas.NuzhatUmam.216,True
0,,0276IbnQutaybaDinawari,114,0930IbnIyas.NuzhatUmam.52,False
0,,0257IbnCabdHakam.FutuhMisr,433,0911Suyuti.HusnMuhadara.22,True
0,,0257IbnCabdHakam.FutuhMisr,54,0911Suyuti.HusnMuhadara.106,True
0,,0820IbnMutawwaj,1684,0911Suyuti.HusnMuhadara.577,False
1,,0692IbnCabdZahir.RawdaBahiyya,1684,0911Suyuti.HusnMuhadara.578,True
2,,0454Qudaci,1684,0911Suyuti.HusnMuhadara.578,True
0,,0695SarrajDinWaraq,276,0930IbnIyas.NuzhatUmam.130,True
0,,0300IbnKhurdadhbih,305,0930IbnIyas.NuzhatUmam.144,True
0,,0257IbnCabdHakam.FutuhMisr,375,0911Suyuti.HusnMuhadara.81,False
1,,0209AbuCubayda,375,0384IbnCimranMarzubani.MucjamShucara.5,True
2,,0209AbuCubayda,375,0681IbnKhallikan.WafayatAcyan.1476,True
3,,0276IbnQutaybaDinawari,375,0711IbnManzurIfriqi.MukhtasarTarikhDimashq.4211,True
4,,0276IbnQutaybaDinawari,375,0774IbnKathir.Bidaya.4055,True
5,,0209AbuCubayda,375,0808MuhammadDamiri.HayatHayawanKubra.1349,True
6,,0257IbnCabdHakam.FutuhMisr,375,0911Suyuti.HusnMuhadara.82,True
0,,0692IbnCabdZahir.RawdaBahiyya,1031,0845Maqrizi.MusawwadatMawaciz.319,False
1,,0692IbnCabdZahir.RawdaBahiyya,1031,0845Maqrizi.MusawwadatMawaciz.319,True
0,,0692IbnCabdZahir.RawdaBahiyya,952,0845Maqrizi.MusawwadatMawaciz.209,False
1,,0692IbnCabdZahir.RawdaBahiyya,952,0845Maqrizi.MusawwadatMawaciz.211,False
0,,0209AbuCubayda,352,0845Maqrizi.KhabarCanBashar.923,False
0,,0774IbnKathir,1705,0874IbnTaghribirdi.NujumZahira.21,False
1,,0257IbnCabdHakam.FutuhMisr,1705,0874IbnTaghribirdi.NujumZahira.54,False
2,,0257IbnCabdHakam.FutuhMisr,1705,0911Suyuti.HusnMuhadara.106,True
0,,0692IbnCabdZahir.RawdaBahiyya,1056,0845Maqrizi.MusawwadatMawaciz.310,False
0,,0692IbnCabdZahir.RawdaBahiyya,1954,0845Maqrizi.MusawwadatMawaciz.319,True
0,,0695SarrajDinWaraq,266,0930IbnIyas.NuzhatUmam.130,True
0,,0257IbnCabdHakam.FutuhMisr,363,0911Suyuti.HusnMuhadara.63,True
0,,0630IbnAbiTayyi,1110,0748Dhahabi.TarikhIslam.8285,False
0,,0276IbnQutaybaDinawari,1676,0711IbnManzurIfriqi.MukhtasarTarikhDimashq.5655,False
0,,0692IbnCabdZahir.RawdaBahiyya,862,0845Maqrizi.MusawwadatMawaciz.355,True
0,,0692IbnCabdZahir.RawdaBahiyya,878,0845Maqrizi.MusawwadatMawaciz.148,True
0,,0596IbnWasifShah.MukhtasarCajaibDunya,355,0930IbnIyas.NuzhatUmam.148,True
0,,0209AbuCubayda,2084,0562Samcani.Ansab.2731,True
0,,0630IbnAbiTayyi,959,0845Maqrizi.MusawwadatMawaciz.221,False
1,,0630IbnAbiTayyi,959,0845Maqrizi.MusawwadatMawaciz.221,True
0,,0596IbnWasifShah.MukhtasarCajaibDunya,519,0930IbnIyas.NuzhatUmam.192,False
0,,0692IbnCabdZahir.RawdaBahiyya,1147,0845Maqrizi.MusawwadatMawaciz.375,False
1,,0692IbnCabdZahir.RawdaBahiyya,1147,0845Maqrizi.MusawwadatMawaciz.376,True
0,,0692IbnCabdZahir.RawdaBahiyya,985,0845Maqrizi.MusawwadatMawaciz.224,False
1,,0630IbnAbiTayyi,985,0845Maqrizi.MusawwadatMawaciz.225,False
2,,0692IbnCabdZahir.RawdaBahiyya,985,0845Maqrizi.MusawwadatMawaciz.224,True
3,,0630IbnAbiTayyi,985,0845Maqrizi.MusawwadatMawaciz.225,True
0,,0257IbnCabdHakam.FutuhMisr,470,0930IbnIyas.NuzhatUmam.175,True
0,,0820IbnMutawwaj,279,0930IbnIyas.NuzhatUmam.131,False
1,,0454Qudaci,279,0930IbnIyas.NuzhatUmam.131,False
0,,0692IbnCabdZahir.RawdaBahiyya,855,0845Maqrizi.MusawwadatMawaciz.116,True
0,,0695SarrajDinWaraq,275,0930IbnIyas.NuzhatUmam.130,True
0,,0257IbnCabdHakam.FutuhMisr,669,0634AbuRabicHimyari.Iktifa.978,False
1,,0257IbnCabdHakam.FutuhMisr,669,0911Suyuti.HusnMuhadara.81,True
0,,0257IbnCabdHakam.FutuhMisr,214,0911Suyuti.HusnMuhadara.102,False
1,,0257IbnCabdHakam.FutuhMisr,214,0911Suyuti.HusnMuhadara.103,False
2,,0257IbnCabdHakam.FutuhMisr,214,0911Suyuti.HusnMuhadara.103,True
3,,0257IbnCabdHakam.FutuhMisr,214,0911Suyuti.HusnMuhadara.104,True
0,,0257IbnCabdHakam.FutuhMisr,382,0911Suyuti.HusnMuhadara.89,False
1,,0454Qudaci,382,0911Suyuti.HusnMuhadara.89,False
2,,0257IbnCabdHakam.FutuhMisr,382,0911Suyuti.HusnMuhadara.90,True
0,,0596IbnWasifShah.MukhtasarCajaibDunya,1105,0930IbnIyas.NuzhatUmam.216,False
0,,0454Qudaci,1434,0626YaqutHamawi.MucjamBuldan.1214,False
1,,0692IbnCabdZahir.RawdaBahiyya,1434,0821Qalqashandi.SubhAcsha.890,False
2,,0454Qudaci,1434,0821Qalqashandi.SubhAcsha.890,False
3,,0257IbnCabdHakam.FutuhMisr,1434,0911Suyuti.HusnMuhadara.107,False
4,,0257IbnCabdHakam.FutuhMisr,1434,0911Suyuti.HusnMuhadara.108,False
5,,0692IbnCabdZahir.RawdaBahiyya,1434,0692IbnCabdZahir.RawdaBahiyya.99,True
6,,0257IbnCabdHakam.FutuhMisr,1434,0911Suyuti.HusnMuhadara.108,True
0,,0350MuhammadKindi.WulatMisr,1680,0852IbnHajarCasqalani.RafcIsr.91,True
1,,0820IbnMutawwaj,1680,0911Suyuti.HusnMuhadara.577,True
0,,0630IbnAbiTayyi,925,0845Maqrizi.MusawwadatMawaciz.208,False
1,,0692IbnCabdZahir.RawdaBahiyya,925,0845Maqrizi.MusawwadatMawaciz.209,False
2,,0630IbnAbiTayyi,925,0845Maqrizi.MusawwadatMawaciz.287,False
3,,0630IbnAbiTayyi,925,0845Maqrizi.MusawwadatMawaciz.208,True
4,,0692IbnCabdZahir.RawdaBahiyya,925,0845Maqrizi.MusawwadatMawaciz.209,True
0,,0257IbnCabdHakam.FutuhMisr,1421,0911Suyuti.HusnMuhadara.103,False
1,,0257IbnCabdHakam.FutuhMisr,1421,0911Suyuti.HusnMuhadara.104,True
0,,0257IbnCabdHakam.FutuhMisr,453,0930IbnIyas.NuzhatUmam.169,True
0,,0257IbnCabdHakam.FutuhMisr,661,0634AbuRabicHimyari.Iktifa.980,False
1,,0257IbnCabdHakam.FutuhMisr,661,0733Nuwayri.NihayatArab.4137,False
0,,0420Musabbihi.AkhbarMisr,1839,0764IbnShakirKutubi.FawatWafayat.157,False
0,,0820IbnMutawwaj,1514,0911Suyuti.HusnMuhadara.667,False
1,,0257IbnCabdHakam.FutuhMisr,1514,0911Suyuti.HusnMuhadara.668,True
2,,0454Qudaci,1514,0911Suyuti.HusnMuhadara.668,True
0,,0596IbnWasifShah.MukhtasarCajaibDunya,529,0930IbnIyas.NuzhatUmam.197,False
0,,0454Qudaci,128,0930IbnIyas.NuzhatUmam.68,True
0,,0454Qudaci,133,0930IbnIyas.NuzhatUmam.71,False
0,,0454Qudaci,728,0874IbnTaghribirdi.NujumZahira.561,False
1,,0454Qudaci,728,0874IbnTaghribirdi.NujumZahira.561,True
2,,0454Qudaci,728,0874IbnTaghribirdi.NujumZahira.562,True
0,,0257IbnCabdHakam.FutuhMisr,338,0911Suyuti.HusnMuhadara.57,False
1,,0257IbnCabdHakam.FutuhMisr,338,0930IbnIyas.NuzhatUmam.146,False
2,,0596IbnWasifShah.MukhtasarCajaibDunya,338,0930IbnIyas.NuzhatUmam.146,False
3,,0257IbnCabdHakam.FutuhMisr,338,0911Suyuti.HusnMuhadara.56,True
0,,0209AbuCubayda,2095,0654SibtIbnJawzi.MiratZaman.3904,True
0,,0257IbnCabdHakam.FutuhMisr,524,0911Suyuti.HusnMuhadara.45,False
1,,0350Balawi.SiratAhmadIbnTulun,524,0930IbnIyas.NuzhatUmam.194,False
0,,0276IbnQutaybaDinawari,428,0745AbuHayyanGharnati.TafsirBahrMuhit.3247,False
0,,0454Qudaci,130,0821Qalqashandi.SubhAcsha.887,False
1,,0454Qudaci,130,0930IbnIyas.NuzhatUmam.68,False
2,,0257IbnCabdHakam.FutuhMisr,130,0930IbnIyas.NuzhatUmam.69,False
3,,0454Qudaci,130,0821Qalqashandi.SubhAcsha.888,True
4,,0820IbnMutawwaj,130,0911Suyuti.HusnMuhadara.667,True
5,,0257IbnCabdHakam.FutuhMisr,130,0930IbnIyas.NuzhatUmam.69,True
0,,0692IbnCabdZahir.RawdaBahiyya,870,0692IbnCabdZahir.RawdaBahiyya.99,True
0,,0209AbuCubayda,84,0626YaqutHamawi.MucjamBuldan.982,True
0,,0257IbnCabdHakam.FutuhMisr,1677,0874IbnTaghribirdi.NujumZahira.54,True
0,,0692IbnCabdZahir.RawdaBahiyya,882,0845Maqrizi.MusawwadatMawaciz.175,True
0,,0257IbnCabdHakam.FutuhMisr,335,0930IbnIyas.NuzhatUmam.146,False
1,,0596IbnWasifShah.MukhtasarCajaibDunya,335,0930IbnIyas.NuzhatUmam.146,False
0,,0692IbnCabdZahir.RawdaBahiyya,1030,0845Maqrizi.MusawwadatMawaciz.224,False
1,,0630IbnAbiTayyi,1030,0845Maqrizi.MusawwadatMawaciz.225,True
0,,0692IbnCabdZahir.RawdaBahiyya,1443,0692IbnCabdZahir.RawdaBahiyya.99,True
1,,0820IbnMutawwaj,1443,0911Suyuti.HusnMuhadara.677,True
0,,0692IbnCabdZahir.RawdaBahiyya,1747,0692IbnCabdZahir.RawdaBahiyya.67,False
0,,0820IbnMutawwaj,359,0911Suyuti.HusnMuhadara.59,True
0,,0257IbnCabdHakam.FutuhMisr,1433,0911Suyuti.HusnMuhadara.106,False
1,,0257IbnCabdHakam.FutuhMisr,1433,0911Suyuti.HusnMuhadara.107,False
2,,0257IbnCabdHakam.FutuhMisr,1433,0911Suyuti.HusnMuhadara.107,True
3,,0257IbnCabdHakam.FutuhMisr,1433,0911Suyuti.HusnMuhadara.108,True
0,,0692IbnCabdZahir.RawdaBahiyya,914,0845Maqrizi.MusawwadatMawaciz.175,False
1,,0692IbnCabdZahir.RawdaBahiyya,914,0845Maqrizi.MusawwadatMawaciz.176,False
2,,0692IbnCabdZahir.RawdaBahiyya,914,0845Maqrizi.MusawwadatMawaciz.176,True
0,,0692IbnCabdZahir.RawdaBahiyya,942,0845Maqrizi.MusawwadatMawaciz.204,False
0,,0454Qudaci,385,0626YaqutHamawi.MucjamBuldan.148,False
1,,0257IbnCabdHakam.FutuhMisr,385,0634AbuRabicHimyari.Iktifa.1011,False
2,,0257IbnCabdHakam.FutuhMisr,385,0911Suyuti.HusnMuhadara.108,False
3,,0257IbnCabdHakam.FutuhMisr,385,0634AbuRabicHimyari.Iktifa.1011,True
0,,0596IbnWasifShah.MukhtasarCajaibDunya,358,0930IbnIyas.NuzhatUmam.148,False
0,,0454Qudaci,66,0626YaqutHamawi.MucjamBuldan.1756,False
0,,0454Qudaci,1461,0626YaqutHamawi.MucjamBuldan.518,False
0,,0692IbnCabdZahir.RawdaBahiyya,1196,0845Maqrizi.MusawwadatMawaciz.360,False
0,,0596IbnWasifShah.MukhtasarCajaibDunya,612,0930IbnIyas.NuzhatUmam.216,False
0,,0209AbuCubayda,648,0748Dhahabi.SiyarAclamNubala.800,True
1,,0454Qudaci,648,0821Qalqashandi.SubhAcsha.1901,True
0,,0630IbnAbiTayyi,1500,0764Safadi.WafiBiWafayat.3094,True
0,,0692IbnCabdZahir.RawdaBahiyya,1121,0845Maqrizi.MusawwadatMawaciz.357,False
1,,0692IbnCabdZahir.RawdaBahiyya,1121,0845Maqrizi.MusawwadatMawaciz.358,False
2,,Anonymous,1121,0930IbnIyas.NuzhatUmam.115,False
3,,0692IbnCabdZahir.RawdaBahiyya,1121,0845Maqrizi.MusawwadatMawaciz.358,True
0,,0257IbnCabdHakam.FutuhMisr,299,0911Suyuti.HusnMuhadara.20,True
0,,0487Bakri,533,0749IbnFadlAllahCumari.MasalikAbsar.226,False
1,,0596IbnWasifShah.MukhtasarCajaibDunya,533,0930IbnIyas.NuzhatUmam.197,False
0,,0820IbnMutawwaj,1671,0911Suyuti.HusnMuhadara.574,True
1,,0454Qudaci,1671,0911Suyuti.HusnMuhadara.574,True
0,,0596IbnWasifShah.MukhtasarCajaibDunya,611,0930IbnIyas.NuzhatUmam.216,False
1,,0596IbnWasifShah.MukhtasarCajaibDunya,611,0930IbnIyas.NuzhatUmam.216,True
0,,0276IbnQutaybaDinawari,14,0654SibtIbnJawzi.MiratZaman.125,False
1,,0276IbnQutaybaDinawari,14,0736IbnDawadari.KanzDurar.35,False
2,,0209AbuCubayda,14,0311IbnSariZajjaj.MacaniQuran.1042,True
3,,0276IbnQutaybaDinawari,14,0654SibtIbnJawzi.MiratZaman.121,True
4,,0458IbnSidaMursi.MuhkamWaMuhit,14,0709IbnAbiFathShamsDinBacli.MatlacCalaAbwabMuqnic.35,True
5,,0276IbnQutaybaDinawari,14,0736IbnDawadari.KanzDurar.36,True
0,,0454Qudaci,1429,0821Qalqashandi.SubhAcsha.907,False
1,,0454Qudaci,1429,0821Qalqashandi.SubhAcsha.908,True
2,,0820IbnMutawwaj,1429,0911Suyuti.HusnMuhadara.677,True
0,,0454Qudaci,2104,0626YaqutHamawi.MucjamBuldan.2943,False
1,,0257IbnCabdHakam.FutuhMisr,2104,0911Suyuti.HusnMuhadara.92,False
2,,0257IbnCabdHakam.FutuhMisr,2104,0930IbnIyas.BadaicZuhur.86,False
3,,0257IbnCabdHakam.FutuhMisr,2104,0930IbnIyas.NuzhatUmam.133,False
4,,0257IbnCabdHakam.FutuhMisr,2104,0634AbuRabicHimyari.Iktifa.1007,True
5,,0257IbnCabdHakam.FutuhMisr,2104,0930IbnIyas.BadaicZuhur.87,True
0,,0257IbnCabdHakam.FutuhMisr,1530,0911Suyuti.HusnMuhadara.668,False
1,,0454Qudaci,1530,0911Suyuti.HusnMuhadara.668,False
2,,0820IbnMutawwaj,1530,0911Suyuti.HusnMuhadara.670,False
0,,0257IbnCabdHakam.FutuhMisr,379,0733Nuwayri.NihayatArab.4148,False
0,,0692IbnCabdZahir.RawdaBahiyya,1717,0911Suyuti.HusnMuhadara.578,False
1,,0454Qudaci,1717,0911Suyuti.HusnMuhadara.578,False
0,,0692IbnCabdZahir.RawdaBahiyya,1155,0821Qalqashandi.SubhAcsha.936,False
1,,0692IbnCabdZahir.RawdaBahiyya,1155,0821Qalqashandi.SubhAcsha.937,True
0,,0454Qudaci,175,0626YaqutHamawi.MucjamBuldan.148,False
1,,0257IbnCabdHakam.FutuhMisr,175,0911Suyuti.HusnMuhadara.108,False
2,,0257IbnCabdHakam.FutuhMisr,175,0634AbuRabicHimyari.Iktifa.1011,True
0,,0375AnonymousTranslator.TarikhCalamUrusiyus,120,0375AnonymousTranslator.TarikhCalamUrusiyus.21,False
1,,0375AnonymousTranslator.TarikhCalamUrusiyus,120,0930IbnIyas.NuzhatUmam.58,False
0,,0630IbnAbiTayyi,960,0845Maqrizi.MusawwadatMawaciz.221,False
1,,0420Musabbihi.AkhbarMisr,960,0874IbnTaghribirdi.NujumZahira.822,False
0,,0257IbnCabdHakam.FutuhMisr,1422,0911Suyuti.HusnMuhadara.104,False
0,,0310Tabari.Tarikh,665,0672MakinIbnCamid.TarikhMuslimin.16,True
0,,0209AbuCubayda,2088,0654SibtIbnJawzi.MiratZaman.3887,True
0,,0230IbnSacd.TabaqatKubra,1388,0279Baladhuri.AnsabAshraf.3055,False
1,,0230IbnSacd.TabaqatKubra,1388,0230IbnSacd.TabaqatKubra.2349,True
2,,0151IbnIshaq.Sira,1388,0279Baladhuri.AnsabAshraf.3056,True
3,,0209AbuCubayda,1388,0422QadiCabdWahhabThaclabi.SharhRisala.229,True
0,,0692IbnCabdZahir.RawdaBahiyya,1720,0911Suyuti.HusnMuhadara.578,False
1,,0454Qudaci,1720,0911Suyuti.HusnMuhadara.578,False
0,,0346Mascudi.MurujDhahab,53,0600PseudoMascudi.AkhbarZaman.12,False
1,,0257IbnCabdHakam.FutuhMisr,53,0874IbnTaghribirdi.NujumZahira.23,False
2,,0257IbnCabdHakam.FutuhMisr,53,0911Suyuti.HusnMuhadara.39,False
0,,0209AbuCubayda,2092,0209AbuCubayda.Dibaj.11,False
1,,0209AbuCubayda,2092,0276IbnQutaybaDinawari.ShicrWaShucara.74,False
2,,0209AbuCubayda,2092,0209AbuCubayda.Dibaj.12,True
0,,0596IbnWasifShah.MukhtasarCajaibDunya,165,0930IbnIyas.NuzhatUmam.103,True
0,,0820IbnMutawwaj,740,0911Suyuti.HusnMuhadara.670,True
0,,0596IbnWasifShah.MukhtasarCajaibDunya,534,0930IbnIyas.NuzhatUmam.199,True
0,,0454Qudaci,129,0930IbnIyas.NuzhatUmam.68,False
1,,0454Qudaci,129,0930IbnIyas.NuzhatUmam.68,True
2,,0257IbnCabdHakam.FutuhMisr,129,0930IbnIyas.NuzhatUmam.69,True
0,,0692IbnCabdZahir.RawdaBahiyya,1694,0911Suyuti.HusnMuhadara.578,False
1,,0454Qudaci,1694,0911Suyuti.HusnMuhadara.578,False
0,,0420Musabbihi.AkhbarMisr,954,0845Maqrizi.MusawwadatMawaciz.195,False
1,,0692IbnCabdZahir.RawdaBahiyya,954,0845Maqrizi.MusawwadatMawaciz.196,False
2,,0692IbnCabdZahir.RawdaBahiyya,954,0845Maqrizi.MusawwadatMawaciz.196,True
0,,0458IbnSidaMursi.MuhkamWaMuhit,405,0845Maqrizi.KhabarCanBashar.3009,False
1,,0487Bakri,405,0845Maqrizi.KhabarCanBashar.3009,False
0,,0375AnonymousTranslator.TarikhCalamUrusiyus,19,0375AnonymousTranslator.TarikhCalamUrusiyus.20,False
1,,0375AnonymousTranslator.TarikhCalamUrusiyus,19,0845Maqrizi.KhabarCanBashar.90,False
2,,0375AnonymousTranslator.TarikhCalamUrusiyus,19,0930IbnIyas.NuzhatUmam.3,False
3,,0375AnonymousTranslator.TarikhCalamUrusiyus,19,0375AnonymousTranslator.TarikhCalamUrusiyus.21,True
4,,0375AnonymousTranslator.TarikhCalamUrusiyus,19,0845Maqrizi.KhabarCanBashar.90,True
0,,0209AbuCubayda,457,0626YaqutHamawi.MucjamBuldan.982,True
0,,0257IbnCabdHakam.FutuhMisr,1542,0634AbuRabicHimyari.Iktifa.1016,False
1,,0310Tabari.Tarikh,1542,0748Dhahabi.SiyarAclamNubala.831,False
2,,0310Tabari.Tarikh,1542,0748Dhahabi.TarikhIslam.861,False
3,,0209AbuCubayda,1542,0748Dhahabi.SiyarAclamNubala.832,True
4,,0209AbuCubayda,1542,0748Dhahabi.TarikhIslam.862,True
0,,0692IbnCabdZahir.RawdaBahiyya,1695,0911Suyuti.HusnMuhadara.578,False
1,,0454Qudaci,1695,0911Suyuti.HusnMuhadara.578,False
0,,0257IbnCabdHakam.FutuhMisr,2098,0845Maqrizi.Muqaffa.619,False
0,,0257IbnCabdHakam.FutuhMisr,1706,0911Suyuti.HusnMuhadara.106,True
0,,0695SarrajDinWaraq,278,0930IbnIyas.NuzhatUmam.130,False
1,,0820IbnMutawwaj,278,0930IbnIyas.NuzhatUmam.131,True
2,,0454Qudaci,278,0930IbnIyas.NuzhatUmam.131,True
0,,0257IbnCabdHakam.FutuhMisr,670,0634AbuRabicHimyari.Iktifa.978,False
1,,0257IbnCabdHakam.FutuhMisr,670,0911Suyuti.HusnMuhadara.89,True
2,,0454Qudaci,670,0911Suyuti.HusnMuhadara.89,True
0,,0257IbnCabdHakam.FutuhMisr,476,0930IbnIyas.NuzhatUmam.175,False
0,,0350Balawi.SiratAhmadIbnTulun,68,0930IbnIyas.NuzhatUmam.194,False
1,,0257IbnCabdHakam.FutuhMisr,68,0911Suyuti.HusnMuhadara.45,True
0,,0257IbnCabdHakam.FutuhMisr,469,0930IbnIyas.NuzhatUmam.175,True
0,,0257IbnCabdHakam.FutuhMisr,672,0911Suyuti.HusnMuhadara.85,False
1,,0257IbnCabdHakam.FutuhMisr,672,0911Suyuti.HusnMuhadara.86,False
2,,0257IbnCabdHakam.FutuhMisr,672,0930IbnIyas.NuzhatUmam.175,False
3,,0257IbnCabdHakam.FutuhMisr,672,0911Suyuti.HusnMuhadara.85,True
4,,0257IbnCabdHakam.FutuhMisr,672,0911Suyuti.HusnMuhadara.86,True
0,,0692IbnCabdZahir.RawdaBahiyya,1002,0845Maqrizi.MusawwadatMawaciz.295,False
0,,0257IbnCabdHakam.FutuhMisr,221,0911Suyuti.HusnMuhadara.103,False
1,,0257IbnCabdHakam.FutuhMisr,221,0911Suyuti.HusnMuhadara.104,True
0,,0209AbuCubayda,645,0328AbuBakrIbnAnbari.SharhQasaidSabc.162,False
1,,0310Tabari.Tarikh,645,0487AbuCubaydBakri.SimtLaaliFiSharhAmali.5,False
2,,0209AbuCubayda,645,0328AbuBakrIbnAnbari.SharhQasaidSabc.163,True
3,,0209AbuCubayda,645,0845Maqrizi.KhabarCanBashar.1685,True
0,,0300IbnKhurdadhbih,306,0930IbnIyas.NuzhatUmam.144,True
0,,0596IbnWasifShah.MukhtasarCajaibDunya,528,0930IbnIyas.NuzhatUmam.197,True
0,,0692IbnCabdZahir.RawdaBahiyya,1077,0821Qalqashandi.SubhAcsha.934,False
1,,0454Qudaci,1077,0821Qalqashandi.SubhAcsha.934,False
2,,0692IbnCabdZahir.RawdaBahiyya,1077,0845Maqrizi.MusawwadatMawaciz.324,False
3,,0692IbnCabdZahir.RawdaBahiyya,1077,0821Qalqashandi.SubhAcsha.935,True
0,,0350MuhammadKindi.WulatMisr,1571,0748Dhahabi.TarikhIslam.3993,True
0,,0257IbnCabdHakam.FutuhMisr,477,0911Suyuti.HusnMuhadara.386,False
1,,0257IbnCabdHakam.FutuhMisr,477,0911Suyuti.HusnMuhadara.387,True
0,,0820IbnMutawwaj,1691,0911Suyuti.HusnMuhadara.577,False
1,,0692IbnCabdZahir.RawdaBahiyya,1691,0911Suyuti.HusnMuhadara.578,True
2,,0454Qudaci,1691,0911Suyuti.HusnMuhadara.578,True
0,,0257IbnCabdHakam.FutuhMisr,377,0911Suyuti.HusnMuhadara.81,False
1,,0257IbnCabdHakam.FutuhMisr,377,0911Suyuti.HusnMuhadara.82,False
2,,0257IbnCabdHakam.FutuhMisr,377,0930IbnIyas.BadaicZuhur.79,False
3,,0257IbnCabdHakam.FutuhMisr,377,0733Nuwayri.NihayatArab.4148,True
4,,0257IbnCabdHakam.FutuhMisr,377,0911Suyuti.HusnMuhadara.82,True
5,,0257IbnCabdHakam.FutuhMisr,377,0930IbnIyas.BadaicZuhur.80,True
0,,0692IbnCabdZahir.RawdaBahiyya,999,0845Maqrizi.MusawwadatMawaciz.292,False
1,,0630IbnAbiTayyi,999,0845Maqrizi.MusawwadatMawaciz.294,False
2,,0692IbnCabdZahir.RawdaBahiyya,999,0845Maqrizi.MusawwadatMawaciz.295,False
3,,0630IbnAbiTayyi,999,0845Maqrizi.MusawwadatMawaciz.294,True
4,,0692IbnCabdZahir.RawdaBahiyya,999,0845Maqrizi.MusawwadatMawaciz.295,True
0,,0454Qudaci,132,0821Qalqashandi.SubhAcsha.888,False
1,,0257IbnCabdHakam.FutuhMisr,132,0911Suyuti.HusnMuhadara.652,False
2,,0420Musabbihi.AkhbarMisr,132,0911Suyuti.HusnMuhadara.652,False
3,,0454Qudaci,132,0930IbnIyas.NuzhatUmam.71,False
4,,0820IbnMutawwaj,132,0911Suyuti.HusnMuhadara.667,True
5,,0454Qudaci,132,0930IbnIyas.NuzhatUmam.71,True
0,,0646IbnBaytarAndalusi.JamicLiMufradat,148,0930IbnIyas.NuzhatUmam.87,True
0,,0692IbnCabdZahir.RawdaBahiyya,1320,0845Maqrizi.MusawwadatMawaciz.397,False
1,,0692IbnCabdZahir.RawdaBahiyya,1320,0845Maqrizi.MusawwadatMawaciz.398,True
0,,0230IbnSacd.TabaqatKubra,2087,0742Mizzi.TahdhibKamal.2179,False
1,,0241IbnHanbal,2087,0748Dhahabi.TarikhIslam.1920,False
2,,0241IbnHanbal,2087,0748Dhahabi.SiyarAclamNubala.2330,True
0,,0692IbnCabdZahir.RawdaBahiyya,1138,0845Maqrizi.MusawwadatMawaciz.375,False
1,,0692IbnCabdZahir.RawdaBahiyya,1138,0845Maqrizi.MusawwadatMawaciz.376,True
0,,0692IbnCabdZahir.RawdaBahiyya,996,0845Maqrizi.MusawwadatMawaciz.292,True
0,,0257IbnCabdHakam.FutuhMisr,561,0911Suyuti.HusnMuhadara.25,False
1,,0487Bakri,561,0626YaqutHamawi.MucjamBuldan.2423,True
2,,0257IbnCabdHakam.FutuhMisr,561,0911Suyuti.HusnMuhadara.25,True
3,,0257IbnCabdHakam.FutuhMisr,561,0911Suyuti.HusnMuhadara.26,True
0,,0300IbnKhurdadhbih,515,0930IbnIyas.NuzhatUmam.191,True
0,,0692IbnCabdZahir.RawdaBahiyya,1118,0845Maqrizi.MusawwadatMawaciz.363,False
1,,0692IbnCabdZahir.RawdaBahiyya,1118,0845Maqrizi.Muqaffa.965,True
0,,0692IbnCabdZahir.RawdaBahiyya,1119,0845Maqrizi.Muqaffa.965,False
1,,0692IbnCabdZahir.RawdaBahiyya,1119,0845Maqrizi.Muqaffa.965,True
2,,0692IbnCabdZahir.RawdaBahiyya,1119,0845Maqrizi.MusawwadatMawaciz.366,True
0,,0209AbuCubayda,2184,0606FakhrDinRazi.MafatihGhayb.2235,False
1,,0209AbuCubayda,2184,0676Nawawi.TahrirAlfaz.108,False
2,,0276IbnQutaybaDinawari,2184,0521IbnMuhammadBatalyawsi.MushkilatMuwatta.27,True
0,,0692IbnCabdZahir.RawdaBahiyya,947,0845Maqrizi.MusawwadatMawaciz.211,True
0,,0257IbnCabdHakam.FutuhMisr,1515,0634AbuRabicHimyari.Iktifa.980,False
1,,0257IbnCabdHakam.FutuhMisr,1515,0911Suyuti.HusnMuhadara.668,False
2,,0454Qudaci,1515,0911Suyuti.HusnMuhadara.668,False
3,,0820IbnMutawwaj,1515,0911Suyuti.HusnMuhadara.670,True
0,,0692IbnCabdZahir.RawdaBahiyya,987,0845Maqrizi.MusawwadatMawaciz.280,False
0,,0820IbnMutawwaj,1675,0911Suyuti.HusnMuhadara.574,False
1,,0454Qudaci,1675,0911Suyuti.HusnMuhadara.574,False
0,,0257IbnCabdHakam.FutuhMisr,660,0634AbuRabicHimyari.Iktifa.980,False
1,,0257IbnCabdHakam.FutuhMisr,660,0634AbuRabicHimyari.Iktifa.980,True
0,,0209AbuCubayda,351,0845Maqrizi.KhabarCanBashar.923,False
1,,0209AbuCubayda,351,0845Maqrizi.KhabarCanBashar.923,True
0,,0820IbnMutawwaj,280,0930IbnIyas.NuzhatUmam.131,False
1,,0454Qudaci,280,0930IbnIyas.NuzhatUmam.131,False
2,,0257IbnCabdHakam.FutuhMisr,280,0930IbnIyas.NuzhatUmam.133,True
0,,0692IbnCabdZahir.RawdaBahiyya,1034,0845Maqrizi.MusawwadatMawaciz.324,True
0,,0692IbnCabdZahir.RawdaBahiyya,2038,0736IbnDawadari.KanzDurar.1418,False
1,,0692IbnCabdZahir.RawdaBahiyya,2038,0845Maqrizi.MusawwadatMawaciz.366,False
2,,0692IbnCabdZahir.RawdaBahiyya,2038,0845Maqrizi.MusawwadatMawaciz.367,False
3,,0692IbnCabdZahir.RawdaBahiyya,2038,0845Maqrizi.MusawwadatMawaciz.367,True
0,,0257IbnCabdHakam.FutuhMisr,658,0634AbuRabicHimyari.Iktifa.978,True
1,,0257IbnCabdHakam.FutuhMisr,658,0733Nuwayri.NihayatArab.4137,True
0,,0695SarrajDinWaraq,1970,0911Suyuti.HusnMuhadara.588,False
0,,0257IbnCabdHakam.FutuhMisr,381,0911Suyuti.HusnMuhadara.85,True
0,,0257IbnCabdHakam.FutuhMisr,69,0911Suyuti.HusnMuhadara.45,False
1,,0257IbnCabdHakam.FutuhMisr,69,0911Suyuti.HusnMuhadara.45,True
0,,0257IbnCabdHakam.FutuhMisr,569,0911Suyuti.HusnMuhadara.97,False
1,,0257IbnCabdHakam.FutuhMisr,569,0911Suyuti.HusnMuhadara.98,True
0,,0151IbnIshaq.Sira,1928,0385IbnNadim.Fihrist.228,True
0,,0820IbnMutawwaj,274,0911Suyuti.HusnMuhadara.51,False
1,,0820IbnMutawwaj,274,0911Suyuti.TuhfatKiram.6,False
2,,0695SarrajDinWaraq,274,0930IbnIyas.NuzhatUmam.130,True
0,,Anonymous,238,0930IbnIyas.NuzhatUmam.115,True
0,,0262CumarIbnShabba,111,0930IbnIyas.NuzhatUmam.25,False
1,,0262CumarIbnShabba,111,0930IbnIyas.NuzhatUmam.25,True
0,,0695SarrajDinWaraq,1962,0911Suyuti.HusnMuhadara.588,False
1,,0695SarrajDinWaraq,1962,0911Suyuti.HusnMuhadara.588,True
0,,0630IbnAbiTayyi,992,0845Maqrizi.MusawwadatMawaciz.287,False
0,,0257IbnCabdHakam.FutuhMisr,323,0911Suyuti.HusnMuhadara.22,False
1,,0257IbnCabdHakam.FutuhMisr,323,0911Suyuti.HusnMuhadara.23,True
0,,0692IbnCabdZahir.RawdaBahiyya,1740,0692IbnCabdZahir.RawdaBahiyya.122,True
0,,0692IbnCabdZahir.RawdaBahiyya,883,0845Maqrizi.MusawwadatMawaciz.175,False
1,,0692IbnCabdZahir.RawdaBahiyya,883,0845Maqrizi.MusawwadatMawaciz.176,True
0,,0257IbnCabdHakam.FutuhMisr,564,0930IbnIyas.NuzhatUmam.205,True
0,,0692IbnCabdZahir.RawdaBahiyya,1759,0692IbnCabdZahir.RawdaBahiyya.122,True
0,,0300IbnKhurdadhbih,517,0930IbnIyas.NuzhatUmam.191,False
1,,0596IbnWasifShah.MukhtasarCajaibDunya,517,0930IbnIyas.NuzhatUmam.192,True
0,,0692IbnCabdZahir.RawdaBahiyya,1781,0821Qalqashandi.SubhAcsha.937,False
0,,0692IbnCabdZahir.RawdaBahiyya,820,0845Maqrizi.MusawwadatMawaciz.110,False
0,,0596IbnWasifShah.MukhtasarCajaibDunya,610,0930IbnIyas.NuzhatUmam.216,True
0,,0630IbnAbiTayyi,998,0845Maqrizi.MusawwadatMawaciz.294,False
1,,0630IbnAbiTayyi,998,0845Maqrizi.MusawwadatMawaciz.294,True
2,,0692IbnCabdZahir.RawdaBahiyya,998,0845Maqrizi.MusawwadatMawaciz.295,True
0,,0257IbnCabdHakam.FutuhMisr,58,0911Suyuti.HusnMuhadara.41,False
0,,0300IbnKhurdadhbih,518,0930IbnIyas.NuzhatUmam.191,False
1,,0596IbnWasifShah.MukhtasarCajaibDunya,518,0930IbnIyas.NuzhatUmam.192,False
2,,0596IbnWasifShah.MukhtasarCajaibDunya,518,0930IbnIyas.NuzhatUmam.192,True
0,,0454Qudaci,671,0626YaqutHamawi.MucjamBuldan.2390,False
1,,0151IbnIshaq.Sira,671,0874IbnTaghribirdi.NujumZahira.15,False
2,,0257IbnCabdHakam.FutuhMisr,671,0874IbnTaghribirdi.NujumZahira.15,False
3,,0454Qudaci,671,0626YaqutHamawi.MucjamBuldan.2390,True
4,,0151IbnIshaq.Sira,671,0874IbnTaghribirdi.NujumZahira.15,True
5,,0257IbnCabdHakam.FutuhMisr,671,0874IbnTaghribirdi.NujumZahira.15,True
6,,0257IbnCabdHakam.FutuhMisr,671,0911Suyuti.HusnMuhadara.85,True
7,,0257IbnCabdHakam.FutuhMisr,671,0930IbnIyas.NuzhatUmam.156,True
8,,0350Balawi.SiratAhmadIbnTulun,671,0930IbnIyas.NuzhatUmam.156,True
0,,0454Qudaci,723,0874IbnTaghribirdi.NujumZahira.558,True
0,,0230IbnSacd.TabaqatKubra,63,0597IbnJawzi.Muntazam.740,False
1,,0230IbnSacd.TabaqatKubra,63,0728IbnTaymiyya.JawabSahih.67,False
2,,0209AbuCubayda,63,0734IbnSayyidNas.CuyunAthar.678,False
3,,0257IbnCabdHakam.FutuhMisr,63,0911Suyuti.HusnMuhadara.65,False
4,,0209AbuCubayda,63,0966HusaynDiyarbakri.TarikhKhamis.548,False
5,,0276IbnQutaybaDinawari,63,0597IbnJawzi.KashfMushkil.729,True
6,,0257IbnCabdHakam.FutuhMisr,63,0911Suyuti.HusnMuhadara.67,True
0,,0257IbnCabdHakam.FutuhMisr,387,0634AbuRabicHimyari.Iktifa.1011,False
1,,0257IbnCabdHakam.FutuhMisr,387,0930IbnIyas.NuzhatUmam.156,True
2,,0350Balawi.SiratAhmadIbnTulun,387,0930IbnIyas.NuzhatUmam.156,True
0,,0350Balawi.SiratAhmadIbnTulun,522,0930IbnIyas.NuzhatUmam.194,True
0,,0692IbnCabdZahir.RawdaBahiyya,1180,0845Maqrizi.MusawwadatMawaciz.379,False
1,,0692IbnCabdZahir.RawdaBahiyya,1180,0845Maqrizi.MusawwadatMawaciz.380,True
0,,0209AbuCubayda,3,0356AbuCaliQali.AmaliFiLugha.182,True
0,,0692IbnCabdZahir.RawdaBahiyya,1028,0845Maqrizi.MusawwadatMawaciz.186,False
1,,0630IbnAbiTayyi,1028,0845Maqrizi.MusawwadatMawaciz.186,False
0,,0230IbnSacd.TabaqatKubra,965,0774IbnKathir.Bidaya.3907,False
1,,0198SufyanIbnCuyayna,965,0774IbnKathir.Bidaya.3908,True
0,,0262CumarIbnShabba,110,0930IbnIyas.NuzhatUmam.25,True
0,,0420Musabbihi.AkhbarMisr,1133,0845Maqrizi.ItticazHunafa.155,False
1,,0420Musabbihi.AkhbarMisr,1133,0874IbnTaghribirdi.NujumZahira.824,False
0,,0692IbnCabdZahir.RawdaBahiyya,1120,0845Maqrizi.Muqaffa.965,False
1,,0692IbnCabdZahir.RawdaBahiyya,1120,0845Maqrizi.MusawwadatMawaciz.356,False
2,,0692IbnCabdZahir.RawdaBahiyya,1120,0845Maqrizi.MusawwadatMawaciz.357,True
0,,0692IbnCabdZahir.RawdaBahiyya,1406,0845Maqrizi.MusawwadatMawaciz.319,True
0,,0151IbnIshaq.Sira,368,0510IbnMascudBaghawi.Tafsir.2755,False
1,,0276IbnQutaybaDinawari,368,0597IbnJawzi.Tabsira.472,True
2,,0276IbnQutaybaDinawari,368,0597IbnJawzi.ZadMasir.2480,True
0,,0276IbnQutaybaDinawari,208,0709IbnAbiFathShamsDinBacli.MatlacCalaAbwabMuqnic.171,True
0,,0820IbnMutawwaj,1668,0911Suyuti.HusnMuhadara.574,True
1,,0454Qudaci,1668,0911Suyuti.HusnMuhadara.574,True
0,,0692IbnCabdZahir.RawdaBahiyya,842,0845Maqrizi.MusawwadatMawaciz.110,True
0,,0692IbnCabdZahir.RawdaBahiyya,1113,0845Maqrizi.MusawwadatMawaciz.175,False
1,,0692IbnCabdZahir.RawdaBahiyya,1113,0845Maqrizi.MusawwadatMawaciz.176,True
0,,0151IbnIshaq.Sira,668,0874IbnTaghribirdi.NujumZahira.15,True
1,,0257IbnCabdHakam.FutuhMisr,668,0874IbnTaghribirdi.NujumZahira.15,True
2,,0257IbnCabdHakam.FutuhMisr,668,0911Suyuti.HusnMuhadara.81,True
0,,0692IbnCabdZahir.RawdaBahiyya,983,0845Maqrizi.MusawwadatMawaciz.224,False
1,,0692IbnCabdZahir.RawdaBahiyya,983,0845Maqrizi.MusawwadatMawaciz.224,True
2,,0630IbnAbiTayyi,983,0845Maqrizi.MusawwadatMawaciz.225,True
0,,0630IbnAbiTayyi,1109,0748Dhahabi.TarikhIslam.8285,False
0,,0209AbuCubayda,2091,0209AbuCubayda.Dibaj.11,False
1,,0209AbuCubayda,2091,0276IbnQutaybaDinawari.ShicrWaShucara.74,False
2,,0209AbuCubayda,2091,0654SibtIbnJawzi.MiratZaman.3887,False
3,,0209AbuCubayda,2091,0209AbuCubayda.Dibaj.12,True
4,,0151IbnIshaq.Sira,2091,0828IbnCinaba.CumdatTalib.198,True
0,,0310Tabari.Tarikh,585,0597IbnJawzi.Muntazam.9,False
1,,0230IbnSacd.TabaqatKubra,585,0911Suyuti.BudurSafira.419,False
0,,0646IbnBaytarAndalusi.JamicLiMufradat,151,0930IbnIyas.NuzhatUmam.87,False
0,,0454Qudaci,173,0626YaqutHamawi.MucjamBuldan.2390,False
1,,0257IbnCabdHakam.FutuhMisr,173,0911Suyuti.HusnMuhadara.85,False
2,,0257IbnCabdHakam.FutuhMisr,173,0911Suyuti.HusnMuhadara.98,False
3,,0257IbnCabdHakam.FutuhMisr,173,0911Suyuti.HusnMuhadara.380,False
4,,0596IbnWasifShah.MukhtasarCajaibDunya,173,0930IbnIyas.NuzhatUmam.103,False
5,,0151IbnIshaq.Sira,173,0874IbnTaghribirdi.NujumZahira.15,True
6,,0257IbnCabdHakam.FutuhMisr,173,0874IbnTaghribirdi.NujumZahira.15,True
7,,0257IbnCabdHakam.FutuhMisr,173,0911Suyuti.HusnMuhadara.85,True
8,,0257IbnCabdHakam.FutuhMisr,173,0911Suyuti.HusnMuhadara.86,True
0,,0692IbnCabdZahir.RawdaBahiyya,1013,0845Maqrizi.MusawwadatMawaciz.300,False
1,,0692IbnCabdZahir.RawdaBahiyya,1013,0845Maqrizi.MusawwadatMawaciz.300,True
0,,0454Qudaci,730,0874IbnTaghribirdi.NujumZahira.562,False
0,,0257IbnCabdHakam.FutuhMisr,2148,0930IbnIyas.NuzhatUmam.94,False
0,,0257IbnCabdHakam.FutuhMisr,675,0634AbuRabicHimyari.Iktifa.1008,False
1,,0257IbnCabdHakam.FutuhMisr,675,0658IbnAbbar.HullaSiyara.6,False
2,,0257IbnCabdHakam.FutuhMisr,675,0911Suyuti.HusnMuhadara.90,False
3,,0257IbnCabdHakam.FutuhMisr,675,0911Suyuti.HusnMuhadara.91,False
4,,0257IbnCabdHakam.FutuhMisr,675,0911Suyuti.HusnMuhadara.91,True
5,,0257IbnCabdHakam.FutuhMisr,675,0911Suyuti.HusnMuhadara.92,True
0,,0692IbnCabdZahir.RawdaBahiyya,1044,0845Maqrizi.MusawwadatMawaciz.278,True
0,,0151IbnIshaq.Sira,41,0911Suyuti.AzharCurush.2,False
1,,0257IbnCabdHakam.FutuhMisr,41,0911Suyuti.HusnMuhadara.20,False
0,,0454Qudaci,43,0821Qalqashandi.SubhAcsha.902,False
1,,0257IbnCabdHakam.FutuhMisr,43,0911Suyuti.HusnMuhadara.22,True
0,,0692IbnCabdZahir.RawdaBahiyya,1035,0845Maqrizi.MusawwadatMawaciz.319,False
1,,0692IbnCabdZahir.RawdaBahiyya,1035,0845Maqrizi.MusawwadatMawaciz.324,True
0,,0257IbnCabdHakam.FutuhMisr,65,0783IbnHadida.MisbahMudi.204,False
0,,0257IbnCabdHakam.FutuhMisr,1543,0634AbuRabicHimyari.Iktifa.1016,False
1,,0310Tabari.Tarikh,1543,0748Dhahabi.SiyarAclamNubala.831,False
2,,0310Tabari.Tarikh,1543,0748Dhahabi.TarikhIslam.861,False
3,,0209AbuCubayda,1543,0748Dhahabi.SiyarAclamNubala.832,True
4,,0209AbuCubayda,1543,0748Dhahabi.TarikhIslam.862,True
0,,0596IbnWasifShah.MukhtasarCajaibDunya,541,0930IbnIyas.NuzhatUmam.199,False
0,,0692IbnCabdZahir.RawdaBahiyya,863,0692IbnCabdZahir.RawdaBahiyya.32,False
1,,0692IbnCabdZahir.RawdaBahiyya,863,0821Qalqashandi.SubhAcsha.929,False
2,,0692IbnCabdZahir.RawdaBahiyya,863,0845Maqrizi.MusawwadatMawaciz.355,False
3,,0692IbnCabdZahir.RawdaBahiyya,863,0821Qalqashandi.SubhAcsha.930,True
4,,0692IbnCabdZahir.RawdaBahiyya,863,0845Maqrizi.MusawwadatMawaciz.356,True
0,,0209AbuCubayda,732,0571IbnCasakir.TarikhDimashq.10062,False
0,,0257IbnCabdHakam.FutuhMisr,364,0911Suyuti.HusnMuhadara.63,False
1,,0257IbnCabdHakam.FutuhMisr,364,0930IbnIyas.BadaicZuhur.73,False
0,,0257IbnCabdHakam.FutuhMisr,330,0930IbnIyas.NuzhatUmam.146,False
1,,0596IbnWasifShah.MukhtasarCajaibDunya,330,0930IbnIyas.NuzhatUmam.146,False
2,,0596IbnWasifShah.MukhtasarCajaibDunya,330,0930IbnIyas.NuzhatUmam.148,False
0,,0695SarrajDinWaraq,277,0930IbnIyas.NuzhatUmam.130,False
1,,0695SarrajDinWaraq,277,0930IbnIyas.NuzhatUmam.130,True
2,,0820IbnMutawwaj,277,0930IbnIyas.NuzhatUmam.131,True
3,,0454Qudaci,277,0930IbnIyas.NuzhatUmam.131,True
0,,0257IbnCabdHakam.FutuhMisr,158,0930IbnIyas.NuzhatUmam.93,False
1,,0596IbnWasifShah.MukhtasarCajaibDunya,158,0930IbnIyas.NuzhatUmam.93,False
2,,0209AbuCubayda,158,0338AbuJacfarNahhas.MacaniQuran.577,True
3,,0257IbnCabdHakam.FutuhMisr,158,0930IbnIyas.NuzhatUmam.93,True
4,,0596IbnWasifShah.MukhtasarCajaibDunya,158,0930IbnIyas.NuzhatUmam.93,True
5,,0257IbnCabdHakam.FutuhMisr,158,0930IbnIyas.NuzhatUmam.94,True
0,,0350MuhammadKindi.WulatMisr,1690,0852IbnHajarCasqalani.RafcIsr.177,True
0,,0692IbnCabdZahir.RawdaBahiyya,821,0845Maqrizi.MusawwadatMawaciz.110,False
0,,0375AnonymousTranslator.TarikhCalamUrusiyus,22,0930IbnIyas.NuzhatUmam.3,False
0,,0257IbnCabdHakam.FutuhMisr,676,0911Suyuti.HusnMuhadara.89,False
1,,0454Qudaci,676,0911Suyuti.HusnMuhadara.89,False
2,,0257IbnCabdHakam.FutuhMisr,676,0911Suyuti.HusnMuhadara.90,True
0,,0454Qudaci,716,0874IbnTaghribirdi.NujumZahira.532,False
0,,0375AnonymousTranslator.TarikhCalamUrusiyus,18,0930IbnIyas.NuzhatUmam.3,False
0,,0692IbnCabdZahir.RawdaBahiyya,1343,0845Maqrizi.MusawwadatMawaciz.272,False
0,,0692IbnCabdZahir.RawdaBahiyya,877,0845Maqrizi.MusawwadatMawaciz.148,False
0,,0257IbnCabdHakam.FutuhMisr,67,0930IbnIyas.BadaicZuhur.73,False
0,,Anonymous,236,0930IbnIyas.NuzhatUmam.115,True
0,,0151IbnIshaq.Sira,263,0385IbnNadim.Fihrist.413,True
0,,0454Qudaci,721,0874IbnTaghribirdi.NujumZahira.532,False
0,,0630IbnAbiTayyi,924,0845Maqrizi.MusawwadatMawaciz.194,False
1,,0630IbnAbiTayyi,924,0845Maqrizi.MusawwadatMawaciz.208,False
2,,0420Musabbihi.AkhbarMisr,924,0845Maqrizi.MusawwadatMawaciz.195,True
3,,0692IbnCabdZahir.RawdaBahiyya,924,0845Maqrizi.MusawwadatMawaciz.209,True
0,,0596IbnWasifShah.MukhtasarCajaibDunya,170,0930IbnIyas.NuzhatUmam.103,False
0,,0820IbnMutawwaj,1682,0911Suyuti.HusnMuhadara.577,True
0,,0454Qudaci,2103,0626YaqutHamawi.MucjamBuldan.2943,False
1,,0257IbnCabdHakam.FutuhMisr,2103,0911Suyuti.HusnMuhadara.92,False
2,,0257IbnCabdHakam.FutuhMisr,2103,0930IbnIyas.NuzhatUmam.133,False
3,,0257IbnCabdHakam.FutuhMisr,2103,0634AbuRabicHimyari.Iktifa.1007,True
0,,0692IbnCabdZahir.RawdaBahiyya,1178,0845Maqrizi.MusawwadatMawaciz.379,True
0,,0692IbnCabdZahir.RawdaBahiyya,1160,0845Maqrizi.MusawwadatMawaciz.384,True
0,,0454Qudaci,307,0626YaqutHamawi.MucjamBuldan.2995,False
1,,0257IbnCabdHakam.FutuhMisr,307,0930IbnIyas.NuzhatUmam.93,False
2,,0596IbnWasifShah.MukhtasarCajaibDunya,307,0930IbnIyas.NuzhatUmam.93,False
3,,0300IbnKhurdadhbih,307,0930IbnIyas.NuzhatUmam.144,False
4,,0209AbuCubayda,307,0338AbuJacfarNahhas.MacaniQuran.577,True
5,,0257IbnCabdHakam.FutuhMisr,307,0930IbnIyas.NuzhatUmam.94,True
0,,0695SarrajDinWaraq,271,0930IbnIyas.NuzhatUmam.130,False
1,,0820IbnMutawwaj,271,0930IbnIyas.NuzhatUmam.131,True
2,,0454Qudaci,271,0930IbnIyas.NuzhatUmam.131,True
0,,0692IbnCabdZahir.RawdaBahiyya,963,0845Maqrizi.Muqaffa.1416,False
1,,0420Musabbihi.AkhbarMisr,963,0845Maqrizi.MusawwadatMawaciz.330,True
0,,0646IbnBaytarAndalusi.JamicLiMufradat,147,0930IbnIyas.NuzhatUmam.87,True
0,,0487Bakri,167,0749IbnFadlAllahCumari.MasalikAbsar.226,False
1,,0596IbnWasifShah.MukhtasarCajaibDunya,167,0930IbnIyas.NuzhatUmam.138,True
0,,0596IbnWasifShah.MukhtasarCajaibDunya,357,0930IbnIyas.NuzhatUmam.148,False
0,,0630IbnAbiTayyi,973,0845Maqrizi.MusawwadatMawaciz.181,False
0,,0820IbnMutawwaj,270,0911Suyuti.HusnMuhadara.51,False
1,,0820IbnMutawwaj,270,0911Suyuti.TuhfatKiram.6,False
0,,0350MuhammadKindi.WulatMisr,657,0626YaqutHamawi.MucjamBuldan.2386,False
1,,0257IbnCabdHakam.FutuhMisr,657,0911Suyuti.HusnMuhadara.70,False
0,,0692IbnCabdZahir.RawdaBahiyya,1129,0845Maqrizi.MusawwadatMawaciz.367,False
0,,0454Qudaci,724,0874IbnTaghribirdi.NujumZahira.558,False
1,,0454Qudaci,724,0874IbnTaghribirdi.NujumZahira.558,True
0,,0257IbnCabdHakam.FutuhMisr,446,0930IbnIyas.NuzhatUmam.169,True
0,,0337QudamaIbnJacfar,118,0930IbnIyas.NuzhatUmam.57,False
1,,0337QudamaIbnJacfar,118,0930IbnIyas.NuzhatUmam.57,True
2,,0375AnonymousTranslator.TarikhCalamUrusiyus,118,0930IbnIyas.NuzhatUmam.58,True
0,,0692IbnCabdZahir.RawdaBahiyya,1014,0845Maqrizi.MusawwadatMawaciz.300,False
0,,0257IbnCabdHakam.FutuhMisr,471,0911Suyuti.HusnMuhadara.92,False
0,,0646IbnBaytarAndalusi.JamicLiMufradat,438,0930IbnIyas.NuzhatUmam.87,True
0,,0257IbnCabdHakam.FutuhMisr,141,0911Suyuti.HusnMuhadara.652,True
1,,0420Musabbihi.AkhbarMisr,141,0911Suyuti.HusnMuhadara.652,True
0,,0630IbnAbiTayyi,861,0665AbuShama.Rawdatayn.493,True
1,,0692IbnCabdZahir.RawdaBahiyya,861,0845Maqrizi.MusawwadatMawaciz.119,True
0,,0692IbnCabdZahir.RawdaBahiyya,1947,0845Maqrizi.MusawwadatMawaciz.362,True
0,,0350MuhammadKindi.WulatMisr,656,0626YaqutHamawi.MucjamBuldan.2386,False
1,,0257IbnCabdHakam.FutuhMisr,656,0911Suyuti.HusnMuhadara.70,False
2,,0257IbnCabdHakam.FutuhMisr,656,0930IbnIyas.BadaicZuhur.73,False
3,,0350MuhammadKindi.WulatMisr,656,0626YaqutHamawi.MucjamBuldan.2386,True
0,,0257IbnCabdHakam.FutuhMisr,2230,0626YaqutHamawi.MucjamBuldan.2530,False
0,,0420Musabbihi.AkhbarMisr,971,0845Maqrizi.ItticazHunafa.226,False
1,,0420Musabbihi.AkhbarMisr,971,0845Maqrizi.MusawwadatMawaciz.330,False
0,,0420Musabbihi.AkhbarMisr,1132,0845Maqrizi.ItticazHunafa.155,True
0,,0257IbnCabdHakam.FutuhMisr,226,0911Suyuti.HusnMuhadara.102,False
1,,0257IbnCabdHakam.FutuhMisr,226,0911Suyuti.HusnMuhadara.103,True
0,,0596IbnWasifShah.MukhtasarCajaibDunya,295,0930IbnIyas.NuzhatUmam.138,False
0,,0257IbnCabdHakam.FutuhMisr,384,0634AbuRabicHimyari.Iktifa.1011,True
0,,0257IbnCabdHakam.FutuhMisr,380,0733Nuwayri.NihayatArab.4148,False
1,,0454Qudaci,380,0626YaqutHamawi.MucjamBuldan.2390,True
2,,0454Qudaci,380,0821Qalqashandi.SubhAcsha.906,True
3,,0257IbnCabdHakam.FutuhMisr,380,0911Suyuti.HusnMuhadara.85,True
4,,0257IbnCabdHakam.FutuhMisr,380,0930IbnIyas.NuzhatUmam.156,True
5,,0350Balawi.SiratAhmadIbnTulun,380,0930IbnIyas.NuzhatUmam.156,True
0,,0692IbnCabdZahir.RawdaBahiyya,135,0821Qalqashandi.SubhAcsha.890,True
1,,0454Qudaci,135,0821Qalqashandi.SubhAcsha.890,True
0,,0257IbnCabdHakam.FutuhMisr,282,0930IbnIyas.NuzhatUmam.133,False
0,,0630IbnAbiTayyi,923,0845Maqrizi.MusawwadatMawaciz.194,True
0,,0151IbnIshaq.Sira,82,0385IbnNadim.Fihrist.413,True
0,,0230IbnSacd.TabaqatKubra,702,0711IbnManzurIfriqi.MukhtasarTarikhDimashq.3479,False
0,,0695SarrajDinWaraq,1850,0764Safadi.WafiBiWafayat.785,True
0,,0692IbnCabdZahir.RawdaBahiyya,1141,0845Maqrizi.MusawwadatMawaciz.367,False
0,,0300IbnKhurdadhbih,308,0930IbnIyas.NuzhatUmam.144,False
1,,0257IbnCabdHakam.FutuhMisr,308,0930IbnIyas.NuzhatUmam.146,True
2,,0596IbnWasifShah.MukhtasarCajaibDunya,308,0930IbnIyas.NuzhatUmam.146,True
0,,0630IbnAbiTayyi,984,0845Maqrizi.MusawwadatMawaciz.225,False
1,,0692IbnCabdZahir.RawdaBahiyya,984,0845Maqrizi.MusawwadatMawaciz.227,False
2,,0692IbnCabdZahir.RawdaBahiyya,984,0845Maqrizi.MusawwadatMawaciz.227,True
0,,0454Qudaci,86,0821Qalqashandi.SubhAcsha.908,False
1,,0454Qudaci,86,0821Qalqashandi.SubhAcsha.909,True
2,,0257IbnCabdHakam.FutuhMisr,86,0911Suyuti.HusnMuhadara.34,True
0,,0820IbnMutawwaj,1459,0911Suyuti.HusnMuhadara.677,False
0,,0692IbnCabdZahir.RawdaBahiyya,1055,0845Maqrizi.MusawwadatMawaciz.310,False
1,,0692IbnCabdZahir.RawdaBahiyya,1055,0845Maqrizi.MusawwadatMawaciz.310,True
0,,0198SufyanIbnCuyayna,371,0487AbuCubaydBakri.MasalikWaMamalik.379,False
1,,0198SufyanIbnCuyayna,371,0487AbuCubaydBakri.MasalikWaMamalik.379,True
0,,0454Qudaci,283,0626YaqutHamawi.MucjamBuldan.2943,False
1,,0257IbnCabdHakam.FutuhMisr,283,0911Suyuti.HusnMuhadara.92,False
2,,0257IbnCabdHakam.FutuhMisr,283,0930IbnIyas.NuzhatUmam.133,False
3,,0257IbnCabdHakam.FutuhMisr,283,0634AbuRabicHimyari.Iktifa.1007,True
4,,0454Qudaci,283,0821Qalqashandi.SubhAcsha.896,True
0,,0257IbnCabdHakam.FutuhMisr,558,0911Suyuti.HusnMuhadara.22,False
1,,0257IbnCabdHakam.FutuhMisr,558,0911Suyuti.HusnMuhadara.23,True
0,,0257IbnCabdHakam.FutuhMisr,391,0930IbnIyas.NuzhatUmam.156,False
1,,0350Balawi.SiratAhmadIbnTulun,391,0930IbnIyas.NuzhatUmam.156,False
0,,0692IbnCabdZahir.RawdaBahiyya,139,0930IbnIyas.NuzhatUmam.78,True
0,,0692IbnCabdZahir.RawdaBahiyya,1254,0845Maqrizi.MusawwadatMawaciz.398,False
0,,0241IbnHanbal,1914,0764Safadi.WafiBiWafayat.5110,False
0,,0257IbnCabdHakam.FutuhMisr,1704,0874IbnTaghribirdi.NujumZahira.54,False
1,,0257IbnCabdHakam.FutuhMisr,1704,0911Suyuti.HusnMuhadara.104,False
2,,0257IbnCabdHakam.FutuhMisr,1704,0911Suyuti.HusnMuhadara.106,False
3,,0257IbnCabdHakam.FutuhMisr,1704,0911Suyuti.HusnMuhadara.107,True
0,,0350MuhammadKindi.WulatMisr,659,0626YaqutHamawi.MucjamBuldan.2386,False
1,,0257IbnCabdHakam.FutuhMisr,659,0634AbuRabicHimyari.Iktifa.978,False
2,,0257IbnCabdHakam.FutuhMisr,659,0733Nuwayri.NihayatArab.4137,False
3,,0257IbnCabdHakam.FutuhMisr,659,0634AbuRabicHimyari.Iktifa.978,True
4,,0257IbnCabdHakam.FutuhMisr,659,0733Nuwayri.NihayatArab.4137,True
0,,0692IbnCabdZahir.RawdaBahiyya,1114,0845Maqrizi.MusawwadatMawaciz.188,False
1,,0692IbnCabdZahir.RawdaBahiyya,1114,0845Maqrizi.MusawwadatMawaciz.188,True
0,,Anonymous,237,0930IbnIyas.NuzhatUmam.115,True
0,,0692IbnCabdZahir.RawdaBahiyya,1166,0845Maqrizi.MusawwadatMawaciz.362,False
1,,0692IbnCabdZahir.RawdaBahiyya,1166,0845Maqrizi.MusawwadatMawaciz.363,False
2,,0692IbnCabdZahir.RawdaBahiyya,1166,0845Maqrizi.MusawwadatMawaciz.307,True
3,,0692IbnCabdZahir.RawdaBahiyya,1166,0845Maqrizi.MusawwadatMawaciz.363,True
0,,Anonymous,241,0930IbnIyas.NuzhatUmam.115,False
0,,0420Musabbihi.AkhbarMisr,970,0845Maqrizi.MusawwadatMawaciz.330,False
1,,0420Musabbihi.AkhbarMisr,970,0845Maqrizi.MusawwadatMawaciz.330,True
0,,0257IbnCabdHakam.FutuhMisr,688,0874IbnTaghribirdi.NujumZahira.105,False
1,,0257IbnCabdHakam.FutuhMisr,688,0874IbnTaghribirdi.NujumZahira.105,True
0,,0630IbnAbiTayyi,933,0845Maqrizi.MusawwadatMawaciz.208,True
0,,0257IbnCabdHakam.FutuhMisr,362,0930IbnIyas.BadaicZuhur.73,False
0,,0257IbnCabdHakam.FutuhMisr,1674,0634AbuRabicHimyari.Iktifa.1008,False
1,,0257IbnCabdHakam.FutuhMisr,1674,0658IbnAbbar.HullaSiyara.6,False
2,,0454Qudaci,1674,0821Qalqashandi.SubhAcsha.919,False
3,,0257IbnCabdHakam.FutuhMisr,1674,0911Suyuti.HusnMuhadara.90,False
4,,0257IbnCabdHakam.FutuhMisr,1674,0911Suyuti.HusnMuhadara.91,False
5,,0820IbnMutawwaj,1674,0911Suyuti.HusnMuhadara.574,False
6,,0454Qudaci,1674,0911Suyuti.HusnMuhadara.574,False
7,,0257IbnCabdHakam.FutuhMisr,1674,0911Suyuti.HusnMuhadara.91,True
8,,0257IbnCabdHakam.FutuhMisr,1674,0911Suyuti.HusnMuhadara.92,True
0,,0257IbnCabdHakam.FutuhMisr,565,0930IbnIyas.NuzhatUmam.205,True
0,,0596IbnWasifShah.MukhtasarCajaibDunya,532,0930IbnIyas.NuzhatUmam.197,False
0,,0257IbnCabdHakam.FutuhMisr,160,0626YaqutHamawi.MucjamBuldan.1696,False
1,,0257IbnCabdHakam.FutuhMisr,160,0911Suyuti.HusnMuhadara.28,False
2,,0257IbnCabdHakam.FutuhMisr,160,0930IbnIyas.NuzhatUmam.94,False
3,,0257IbnCabdHakam.FutuhMisr,160,0911Suyuti.HusnMuhadara.28,True
0,,0692IbnCabdZahir.RawdaBahiyya,1080,0845Maqrizi.MusawwadatMawaciz.327,True
0,,0257IbnCabdHakam.FutuhMisr,1435,0911Suyuti.HusnMuhadara.106,False
1,,0257IbnCabdHakam.FutuhMisr,1435,0911Suyuti.HusnMuhadara.107,True
0,,0257IbnCabdHakam.FutuhMisr,559,0911Suyuti.HusnMuhadara.23,False
0,,0692IbnCabdZahir.RawdaBahiyya,1037,0845Maqrizi.MusawwadatMawaciz.280,True
0,,0692IbnCabdZahir.RawdaBahiyya,1167,0845Maqrizi.MusawwadatMawaciz.362,False
1,,0692IbnCabdZahir.RawdaBahiyya,1167,0845Maqrizi.MusawwadatMawaciz.363,True
0,,0257IbnCabdHakam.FutuhMisr,157,0930IbnIyas.NuzhatUmam.93,True
1,,0596IbnWasifShah.MukhtasarCajaibDunya,157,0930IbnIyas.NuzhatUmam.93,True
0,,0241IbnHanbal,247,0654SibtIbnJawzi.MiratZaman.48,True
1,,0820IbnMutawwaj,247,0911Suyuti.HusnMuhadara.59,True
0,,0596IbnWasifShah.MukhtasarCajaibDunya,537,0930IbnIyas.NuzhatUmam.199,True
0,,0454Qudaci,725,0874IbnTaghribirdi.NujumZahira.558,False
0,,Anonymous,240,0930IbnIyas.NuzhatUmam.115,False
0,,0454Qudaci,209,0821Qalqashandi.Maathir.448,False
1,,0454Qudaci,209,0821Qalqashandi.Maathir.449,True
0,,0257IbnCabdHakam.FutuhMisr,329,0930IbnIyas.NuzhatUmam.146,False
1,,0596IbnWasifShah.MukhtasarCajaibDunya,329,0930IbnIyas.NuzhatUmam.146,False
2,,0257IbnCabdHakam.FutuhMisr,329,0930IbnIyas.NuzhatUmam.146,True
3,,0596IbnWasifShah.MukhtasarCajaibDunya,329,0930IbnIyas.NuzhatUmam.146,True
0,,0454Qudaci,30,0626YaqutHamawi.MucjamBuldan.2891,False
1,,0454Qudaci,30,0626YaqutHamawi.MucjamBuldan.2891,True
2,,0454Qudaci,30,0911Suyuti.AsmaBiqac.7,True
0,,0257IbnCabdHakam.FutuhMisr,560,0911Suyuti.HusnMuhadara.23,False
1,,0257IbnCabdHakam.FutuhMisr,560,0911Suyuti.HusnMuhadara.25,True
0,,0257IbnCabdHakam.FutuhMisr,109,0613CaliIbnZafir.BadaicBadaih.171,True
1,,0276IbnQutaybaDinawari,109,0711IbnManzurIfriqi.AkhbarAbiNuwas.156,True
0,,0257IbnCabdHakam.FutuhMisr,336,0911Suyuti.HusnMuhadara.56,True
0,,0692IbnCabdZahir.RawdaBahiyya,823,0845Maqrizi.MusawwadatMawaciz.116,False
1,,0692IbnCabdZahir.RawdaBahiyya,823,0736IbnDawadari.KanzDurar.1418,True
2,,0692IbnCabdZahir.RawdaBahiyya,823,0821Qalqashandi.SubhAcsha.926,True
0,,0820IbnMutawwaj,1681,0911Suyuti.HusnMuhadara.577,True
0,,0596IbnWasifShah.MukhtasarCajaibDunya,539,0930IbnIyas.NuzhatUmam.199,False
0,,0257IbnCabdHakam.FutuhMisr,159,0930IbnIyas.NuzhatUmam.93,False
1,,0596IbnWasifShah.MukhtasarCajaibDunya,159,0930IbnIyas.NuzhatUmam.93,False
2,,0257IbnCabdHakam.FutuhMisr,159,0930IbnIyas.NuzhatUmam.94,False
3,,0257IbnCabdHakam.FutuhMisr,159,0930IbnIyas.NuzhatUmam.94,True
0,,0209AbuCubayda,647,0748Dhahabi.SiyarAclamNubala.800,True
0,,0596IbnWasifShah.MukhtasarCajaibDunya,538,0930IbnIyas.NuzhatUmam.199,True
0,,0209AbuCubayda,597,0845Maqrizi.KhabarCanBashar.1685,False
0,,0820IbnMutawwaj,1522,0911Suyuti.HusnMuhadara.670,True
0,,0487Bakri,2243,0845Maqrizi.KhabarCanBashar.2719,False
0,,0454Qudaci,31,0626YaqutHamawi.MucjamBuldan.2891,False
1,,0454Qudaci,31,0911Suyuti.AsmaBiqac.7,True
0,,0209AbuCubayda,1460,0421IbnMuhammadMarzuqi.AzminaWaAmkina.483,False
1,,0209AbuCubayda,1460,0673AbuMahasinYaghmuri.NurQabas.77,False
0,,0241IbnHanbal,23,0654SibtIbnJawzi.MiratZaman.27,True
0,,0820IbnMutawwaj,1440,0911Suyuti.HusnMuhadara.677,False
0,,0257IbnCabdHakam.FutuhMisr,169,0911Suyuti.HusnMuhadara.102,False
1,,0596IbnWasifShah.MukhtasarCajaibDunya,169,0930IbnIyas.NuzhatUmam.103,False
2,,0257IbnCabdHakam.FutuhMisr,169,0911Suyuti.HusnMuhadara.102,True
3,,0257IbnCabdHakam.FutuhMisr,169,0911Suyuti.HusnMuhadara.103,True
0,,0692IbnCabdZahir.RawdaBahiyya,950,0845Maqrizi.MusawwadatMawaciz.217,True
0,,0257IbnCabdHakam.FutuhMisr,340,0911Suyuti.HusnMuhadara.56,False
1,,0257IbnCabdHakam.FutuhMisr,340,0911Suyuti.HusnMuhadara.57,True
2,,0596IbnWasifShah.MukhtasarCajaibDunya,340,0930IbnIyas.NuzhatUmam.148,True
0,,0692IbnCabdZahir.RawdaBahiyya,1782,0845Maqrizi.MusawwadatMawaciz.327,False
0,,0198SufyanIbnCuyayna,2113,0429AbuMansurThacalibi.KhassKhass.69,False
1,,0198SufyanIbnCuyayna,2113,0429AbuMansurThacalibi.IcjazWaIjaz.51,True
2,,0209AbuCubayda,2113,0580IbnCimrani.InbaFiTarikhKhulafa.26,True
0,,0454Qudaci,284,0821Qalqashandi.SubhAcsha.896,False
0,,0774IbnKathir,49,0874IbnTaghribirdi.NujumZahira.21,True
0,,0646IbnBaytarAndalusi.JamicLiMufradat,1403,0974IbnHajarHaytami.Zawajir.371,False
0,,0375AnonymousTranslator.TarikhCalamUrusiyus,20,0375AnonymousTranslator.TarikhCalamUrusiyus.20,False
1,,0375AnonymousTranslator.TarikhCalamUrusiyus,20,0845Maqrizi.KhabarCanBashar.90,False
2,,0375AnonymousTranslator.TarikhCalamUrusiyus,20,0930IbnIyas.NuzhatUmam.3,False
3,,0375AnonymousTranslator.TarikhCalamUrusiyus,20,0375AnonymousTranslator.TarikhCalamUrusiyus.21,True
0,,0257IbnCabdHakam.FutuhMisr,64,0911Suyuti.HusnMuhadara.67,False
1,,0257IbnCabdHakam.FutuhMisr,64,0911Suyuti.HusnMuhadara.67,True
0,,0692IbnCabdZahir.RawdaBahiyya,955,0845Maqrizi.MusawwadatMawaciz.196,False
0,,0692IbnCabdZahir.RawdaBahiyya,1424,0845Maqrizi.MusawwadatMawaciz.375,True
