ms,word_5,word_4,word_3,word_2,word_1
4,فصل,كل,فاحتوي,والاثار,الخطط
13,فصلا,الخريف,فصل,لله,ايضا
13,بكل,الخريف,فصل,اتي,ايضا
13,في,خذ,الخريف,يذم,اخر
13,الخريف,فصل,عابا,يا,اخر
29,عبد,بن,اميه,الصلت,ابو
30,اسم,عليه,يقع,الذي,القضاعي
33,الكتاب,هذا,من,دموه,كنيسه
33,القلزم,بحر,وفي,اليهود,كناس
33,عده,كانت,ولما,الرومي,البحر
42,وياح,وماح,فارق,اخوته,لمصر
44,سليم,عليها,التي,مصر,هي
44,حام,بن,بنصر,وكان,القضاعي
44,مصر,مدح,كتاب,في,الجاحظ
44,امصار,البلدان,من,المصر,وجمع
44,ثم,بالاسلام,هممت,الاخطل,وقال
44,جاع,وانا,لي,امراه,اتيت
44,فتوقفت,اسلم,بان,وهممت,فتطيرت
44,مصر,الصحاح,كتاب,في,الجوهري
47,ودعد,بهند,وشبهها,لخفتها,الاخفش
47,فصرف,المكان,اراد,الاخفش,غير
47,الاعمش,قال,فرعون,مصر,هي
47,هي,مالك,لي,قال,اشهب
47,شا,ان,مصر,ادخلوا,تعالي
47,جرير,بن,محمد,جعفر,ابو
47,يتلقي,السلام,عليه,يوسف,خرج
47,مصر,فرعون,هذا,يهوذا,يا
47,دنا,فلما,ابنك,هذا,لا
47,يا,عليك,السلام,عليه,يعقوب
47,وقال,عني,الاحزان,ذاهب,يا
47,وغيره,عباس,ابن,عن,الطبري
47,فرعون,منعهم,حين,وذلك,قتاده
47,موسي,خاف,حين,الكعبه,نحو
47,مخبرا,تعالي,وقال,الاسكندريه,مصر
47,وهذه,مصر,ملك,لي,اليس
54,قال,بلادنا,الي,اقدمك,ما
54,خرابها,اوفت,قد,مصر,ان
57,مصر,تحتاج,مدبر,بن,احمد
57,لم,العراق,خراج,ان,بعضهم
57,امه,مقبره,هذه,اماه,يا
57,خليج,ذكر,عند,ذلك,خبر
57,ودخلها,الفيوم,خبر,في,ذلك
57,ان,حوله,للملا,قال,تعالي
82,ابنيه,وبمصر,الفهرست,كتاب,في
82,ان,الهمداني,احمد,بن,الحسن
82,احمد,بن,محمد,الريحان,ابو
82,من,اليه,صار,انه,الجهاني
82,الميت,اخرج,اذا,انه,الجهاني
82,المراه,ان,القريه,اهل,عن
82,داود,اخبرني,الله,رحمه,الملف
95,الغالب,المزاج,ان,وجالينوس,ابقراط
95,هذه,مشرق,في,لوقا,وجبل
96,والخريف,الصيف,يبس,يرطب,والنيل
97,يتكون,الضباب,ان,الناس,بعض
98,ويشرب,يكل,ما,جنس,واما
100,فصل,ان,يري,جالينوس,ان
102,كان,اذا,تحدث,انها,ابقراط
103,ان,تقدم,مما,استبان,وقد
104,الفضيله,هي,امراضهم,واكثر,ابقراط
104,فقد,البلديه,مصر,امراض,اما
107,في,تولد,مصر,ارض,ولكون
107,لبطليموس,الاربع,كتاب,شرح,في
109,وقد,تعالي,الله,رحمه,ملفه
109,استيلا,ذكر,وقد,الطوير,ابن
109,الكتاب,هذا,من,موضعه,في
109,الباب,هذا,ومن,النصاري,كناس
109,مع,كنت,الناصريه,السيره,جامع
110,هل,الدين,علم,الامير,له
110,ما,الناس,ويحك,فقال,لا
110,الامر,وكان,ذلك,استفيض,قد
110,نسا,وكان,الحكم,عبد,ابن
110,فرعون,ان,وقال,امراتي,استامر
125,والجزر,المد,عظم,في,والسبب
127,كثيره,اقسام,مصر,اراضي,بل
136,سنه,حوادث,في,ميسر,ابن
138,المفسرين,بعض,وقال,اللله,مناظر
138,يحشر,وان,الزينه,يوم,موعدكم
138,شوال,يعني,الشهر,هذا,وفي
138,وخرج,مصر,تاريخ,في,المسبحي
138,خزان,من,تحصي,لا,نعم
139,عليه,يعبر,كان,الذي,الجسر
139,النيل,ما,في,قيل,ما
139,سينا,ابن,علي,ابو,الريس
139,ولا,العيون,مياه,المياه,فافضل
142,غريب,كتاب,في,قتيبه,ابن
142,من,يجري,ان,يمتنع,ومانا
142,وسلم,عليه,الله,صلي,النبي
142,تعالي,قوله,في,المفسرين,بعض
150,في,يكون,الذي,والفرس,المسعودي
153,المنجم,يونس,بن,سامر,ابو
153,انتقال,عند,ينظر,معشر,ابو
155,احمد,بن,محمد,الريحان,ابو
155,تقدم,اذا,انه,التجارب,اصحاب
155,يعمل,كان,ومما,الشهيد,عيد
163,الكتاب,هذا,من,موضعه,في
163,مصر,ارض,عليه,كانت,ما
163,مصر,ارض,كانت,وقد,المسعودي
163,العلويه,الاثار,كتاب,في,ارسطاطاليس
166,قري,تصير,تاريخه,في,المسبحي
166,محمد,الله,عبد,ابو,القاضي
166,وامر,بالخراج,معرفه,له,من
166,سنه,الي,وقراها,مصر,كور
167,الليث,عن,الحكم,عبد,ابن
167,اراضي,في,يعمل,كان,ما
167,يزيد,عن,الحكم,عبد,ابن
170,الزمن,في,مصر,خراج,مقدار
170,منقاوس,وكان,شاه,وصيف,ابن
170,في,مصر,وجبيت,دحيه,ابن
170,في,وجد,انه,الجواني,الشريف
171,خبر,في,كما,فيه,ما
171,اخبرني,الاسدي,علي,بن,الحسن
171,باللغه,قبطي,كتاب,في,وجدت
172,فرعون,ارسل,الذي,الوقت,في
172,فتح,عند,المسلمون,عمله,ما
172,سهيل,حدثنا,معاويه,بن,زهير
172,الله,صلي,الله,رسول,قال
172,صلي,اخبر,قد,عبيد,ابو
172,عبيد,عن,الحكم,عبد,ابن
181,واتخاذهم,مصر,بريف,العرب,نزول
187,اخبار,كتاب,في,ذولاق,ابن
187,امر,الساعه,بكر,ابو,له
187,ابي,علي,اعقدوها,بكر,ابو
187,يعني,الشيخ,رايت,يعقوب,ابو
187,نحو,عندي,الحسن,ابو,له
187,وجاه,اليه,فانفذها,بها,جني
187,غلقت,قد,الصفقه,تلك,له
187,انما,العجز,هذا,ما,المارداني
188,خطه,عليه,رد,الحسن,لابي
188,لدين,المعز,سيره,كتاب,في
188,للدين,الناصر,الوزير,سيره,جامع
188,الي,السفلي,الارض,ارتفاع,وانتهي
192,اوفوا,امنوا,الذين,ايها,يا
192,والمشارف,الوالي,من,المكاتبه,ووصلته
198,وثمانين,خمس,سنه,متجددات,في
199,وثمانين,ثمان,سنه,متجددات,في
199,الجندي,وكان,الناصري,الاخير,الروك
200,سنه,وفي,الناصريه,السيره,جامع
204,الجراريف,ومتوفر,معين,مقرر,وانثي
207,الناصري,الروك,اجناد,بعض,وجدت
207,ان,مصر,اقليم,خراب,اسباب
208,ابو,القضاه,اقضي,قال,الديوان
208,موضعهم,فسمي,مجانين,اي,ديوانه
208,حدثني,قال,الوراق,النمر,ابو
208,بن,الحسن,ابو,لي,قال
208,للزراعه,مساحتها,مصر,ارض,ان
208,انه,المدبر,ابن,لي,وقال
208,من,ليله,قط,ابت,ولم
211,رضي,عباس,ابن,عن,الضحاك
211,للناس,عنه,الله,رضي,عمر
211,اني,عنه,الله,رضي,عمر
211,وعثمان,عوف,بن,الرحمن,عبد
211,رسول,بعم,الا,ابدا,لا
218,حديث,في,الساب,بن,عطا
218,انه,هلال,بن,حميد,عن
218,ان,تاريخه,في,الاثير,ابن
218,عنه,الله,رضي,علي,له
218,علي,قال,ما,القول,القوم
218,طافه,اقتطع,يقال,والاقطاعات,القطاع
221,جابر,عن,سفيان,عن,وكيع
221,يبلغنا,ولم,سعد,بن,الليث
221,المهاجر,بن,ابراهيم,عن,الاعمش
221,عنه,الله,رضي,عثمان,اقطع
221,عمرو,عن,عمر,بن,سيف
221,الله,وعبد,وخباب,الزبير,اقطع
227,مصر,خراج,ان,خرداذبه,ابن
227,عيسي,بن,موسي,منها,وحمل
227,بلغ,اذا,مصر,خراج,وكان
227,قال,نعمل,كيف,الاخشيد,له
227,فلما,هذا,وتدبر,تجيني,غدا
227,فيما,فكرت,قد,الاخشيد,له
227,فقال,الله,سبحان,كلا,ابن
227,كان,ايش,اسمعوا,قوم,يا
227,السلطان,وبين,بيني,ما,له
227,مطالبه,المارداني,ابن,قبل,لك
227,جاتك,قد,دينار,الف,هذه
229,بن,الافضل,ان,ميسر,ابن
229,انه,مياوماته,في,الفاضل,القاضي
230,زراعتها,واقسام,مصر,اراضي,اصناف
231,البلديه,الجسور,واما,الخراب,اسباب
232,في,وحشيه,بن,بكر,ابو
232,زرعوا,اذا,مصر,في,ان
236,كتاب,في,الحسن,ابو,القاضي
236,ان,اعلم,مصر,مال,اقسام
238,هذا,من,الطولوني,الجامع,اخبار
240,الذي,ان,طي,ابي,ابن
240,سنه,متجددات,في,الفاضل,القاضي
240,وتسعين,اثنتين,سنه,متجددات,في
242,تعالي,الله,جعله,الذي,القمح
242,غير,ارب,عندنا,لابليس,ليس
242,الجزار,الحسين,ابو,الفاضل,الاديب
248,سنه,متجددات,في,الفاضل,القاضي
248,الجوالي,ارتفاع,عليه,انعقد,والذي
248,واستخدم,وثمانين,ثمان,سنه,في
248,بالعزيز,يتسمي,من,كان,ما
249,خمس,من,والحاصل,الفاضل,القاضي
254,البراطيل,واما,الخراب,اسباب,في
260,لهم,فقيل,موته,قبل,صاحبهم
260,فكرت,الطبيب,رضوان,بن,علي
262,كذلك,وليس,قبران,انهما,قوم
262,اسحاق,بن,محمد,يعقوب,ابو
262,في,اختلف,قد,البابلي,هرمس
265,وجد,انه,البلخي,زيد,ابو
265,لم,الاكليل,كتاب,في,الهمداني
265,بن,الله,عبد,محمد,ابو
265,فرايت,داخله,في,دخلت,وقد
274,الذهب,خراج,من,خير,هذا
274,هذا,ان,مصر,مرخي,بعض
274,البنيان,عجيب,من,خرداذبه,ابن
274,عن,البنيان,عجاب,كتاب,في
278,بن,حسن,بن,الوهاب,عبد
278,لله,جباره,بن,الدين,سيف
278,واسمع,الهرمين,الي,انظر,اخر
278,بن,احمد,العباس,ابو,الامام
278,سكان,من,للماضين,كان,قد
278,الحدثان,علي,باق,لا,خليلي
281,لقبره,يسجدون,وصاروا,ظلما,قتل
281,مصر,ارض,ان,اعلم,الجبال
281,الجبل,ان,اعلم,المقطم,الجبل
287,ما,ويستدعي,بذلك,يهتم,مروه
287,جسيم,وخطرها,عظيمه,الالات,هذه
287,ذلك,يتولي,الذي,ان,يحتاج
287,نفسه,مدح,في,اكثر,لقد
287,باسهل,الغرض,يبلغ,من,هنا
287,رصد,ومن,العلم,في,القدما
287,ما,فقال,تحتاج,ش,اي
287,فقال,لنفسه,جار,له,يطلق
287,فقال,اليه,يحتاج,تقول,كم
287,المملوك,فيها,فكتب,ورقه,هاتوا
288,اذا,بعد,فيما,هذا,القاد
288,التي,العظيمه,الاله,هذه,مثل
289,اعادتها,في,اهتم,الافضل,له
290,منها,اختصرت,لو,الافضل,له
290,ان,امكنني,لو,نعمتك,وحق
290,كل,اليهم,اطلع,المامون,له
291,للسحر,هذا,عمل,منهم,اخرون
308,بن,محمد,الله,عبد,ابو
308,عبد,بن,اميه,الصلت,ابو
311,مصر,بعد,الحكيم,عبد,ابن
329,من,المدينه,هذه,الاسكندريه,مدينه
330,كتاب,في,المسعودي,الحسن,ابو
330,ووصف,الاقاليم,كتاب,في,بطليموس
330,ذكر,في,شاه,وصيف,ابن
331,وعجابها,مصر,كنوز,كثره,له
331,طوطيس,ابنه,جورياق,جلست,ولما
347,الريحان,ابو,قال,الاسكندر,تاريخ
348,علي,بن,احمد,بكر,ابو
348,في,وجدت,ما,بحسب,القبط
353,وقيل,سنه,اربعين,ولي,غيره
353,حكيما,هذا,بطليموس,وكان,غيره
360,سنه,رمضان,شهر,في,وتهدم
360,ماتي,فكان,قاسه,انه,بعضهم
362,كانت,المناره,ان,العلم,اهل
362,وعجاب,عمر,بن,الله,عبد
362,كان,الذي,الملعب,ذكر,الثلاثه
362,الاسكندريه,مصر,عجاب,ومن,القضاعي
362,كانت,فلما,الحكم,عبد,ابن
368,لطول,العماد,ذات,سموا,بعضهم
368,مثل,طولهم,يعني,عباس,ابن
368,اثني,احدهم,طول,كان,مقاتل
368,في,وجد,انه,واحد,غير
368,ستون,طوله,ادم,الله,حلق
368,بن,الرحيم,عبد,بن,محمد
368,سير,كتاب,في,الشعبي,نقل
368,في,صورهم,رايت,وقد,الاقليشي
372,بن,مكرم,بن,الدين,جلال
372,مراكب,ووصف,فيه,والامواج,البحر
372,الفسطاط,من,جرداديه,بن,احمد
372,نضب,اذا,الاسكندريه,وطريق,اخر
373,عمرو,ابو,قال,الاسكندريه,فتح
373,جمادي,في,سار,بل,غيره
373,عمرو,ان,عمر,بن,سيف
373,ان,ويقال,الحكم,عبد,ابن
373,هن,ما,قال,ثلاثا,اسالك
373,بذلت,ما,للروم,تبذل,لا
373,قال,علينا,اهونهن,هذه,عمرو
387,وانما,فركبوا,اركبوا,الله,عبد
387,اقتتلوا,قد,قالوا,فعلوا,ما
387,فقال,اتوه,ثم,الروم,غلبت
387,فقال,اتوه,ثم,الروم,غلبت
387,اذ,السفن,وكانت,الروم,غلبت
387,يومذ,الله,عبد,مركب,فقرن
387,خطبها,قد,علقمه,ان,له
387,تقدرون,ما,بكم,اصنع,ما
387,فصنعوا,هذا,فاصابنا,مقتدرين,خرجنا
391,حدثه,عمن,الطرطوسي,بكر,ابو
391,الخليج,في,والصيد,الاسكندريه,شاهدت
391,كتاب,في,الكندي,عمرو,ابو
391,الاسكندريه,خليج,وحفر,وقال,سيرته
391,ربيع,وفي,الطولونيه,السيره,جامع
391,انقطع,النيل,كان,وقد,المسعودي
392,الله,بامر,الحاكم,ان,المسبحي
392,من,ذلك,في,ما,له
395,اقتتل,فلما,المعافري,جناده,بن
399,وفي,القصر,خزان,ذكر,عند
400,يا,اعذرنا,عوف,ابن,له
400,الفرنجي,فاخذ,يحل,ما,هذا
403,بمصر,كور,اربع,الكندي,ابن
403,التا,بكسر,تنيس,تنيس,مدينه
403,بعد,وملكت,شاه,وصيف,ابن
407,تدعو,لا,لم,قومه,له
412,خمسه,منذ,بها,تزوجت,الرجل
412,ابو,حدثني,الكندي,عمرو,ابو
412,الاحد,عبد,بن,يس,حدثني
412,دخل,لما,يقول,ابي,سمعت
412,لهيعه,بن,الله,عبد,حدثنا
412,بكم,كيف,مصر,اهل,يا
415,اربع,سنه,حوادث,في,المسبحي
415,السلطان,بخزانه,هذا,يفعل,كيف
418,فيه,خبر,كونه,سبب,في
421,جمله,من,الوراده,الوراده,بلد
421,الله,عبد,بن,الله,عبيد
421,بالميدا,كان,لليلك,المامون,الخليفه
426,سار,السلام,عليه,موسي,ان
427,وهو,الكتاب,هذا,من,الاديار
427,مدين,ان,اعلم,مدين,مدينه
427,وقطر,بلد,اسم,مدين,الفرا
429,الا,المديني,المنذر,بن,المتنصر
429,عجيبه,اخبار,الملوك,ولهلا,المسعودي
429,المذكوره,الايكه,البكري,عبيد,ابو
429,اسم,وليكه,الغيضه,الايكه,قوم
429,يعلم,ولا,النحاس,جعفر,ابو
429,يزعم,بعضهم,وكان,قتيبه,ابن
429,معلوم,بالشام,بلد,مدين,البكري
429,السواحل,هي,وميتا,اسحاق,ابن
432,الجفار,ان,اعلم,الجفار,ارض
432,من,المرتفع,الصعيد,مصر,صعيد
439,صاحب,سيمون,وحدثني,النوبه,مرخ
439,بلاد,طرق,من,سالت,وقد
439,الرمل,جبال,من,يخرج,انه
441,الزنج,بلاد,طرق,من,واما
441,من,ياتي,الاربعه,الانهار,وبعض
443,الملك,ورب,الله,وربك,ربي
443,في,قال,يكون,فاين,له
443,المطر,عنهم,ابطا,اذا,انه
443,موسي,بعثه,له,فذكر,لا
443,فقد,هذا,فعلوا,كانوا,اذا
443,فعلوا,كانوا,ان,صدقتهم,قد
443,غلب,وقد,الله,رحمه,ملفه
445,ابا,يعني,فلان,عرش,هذا
448,الله,صلي,الله,رسول,محمدا
453,قولهم,من,اسوان,اسوان,مدينه
453,خلق,يسكنها,اسوان,ومدينه,المسعودي
454,فرقه,فرقتين,فافترقت,النوبه,واما
454,صعيد,من,الشرقي,الجانب,وفي
454,ثغر,متحصل,ان,الفاضل,القاضي
454,باسوان,وكان,الادفوي,جعفر,الكمال
455,فيه,مكتوب,علي,انا,ووقفت
455,مدحهم,من,واسما,مناقبهم,فيها
455,الدهر,خانه,ان,وينجده,فيها
460,كتاب,في,ليس,خليفه,ابو
460,عمرو,والدي,سمعت,زكريا,ابو
460,الله,عبد,الامير,مجلس,حضرت
460,الذي,صالح,بن,عثمان,انت
460,البلده,هذه,امر,اعجب,ما
460,الامير,فوجه,صالح,بن,عثمان
460,اعرف,نحن,سعد,بن,الليث
461,قال,تشا,فما,ابوه,له
461,السلف,راه,ش,هذا,ابوه
461,فساله,شت,ما,تمن,له
464,حجاج,ان,اعلم,عيذاب,صحرا
466,من,المدينه,هذه,الاقصر,مدينه
466,الادفوي,الكمال,وذكر,هذه,البلينا
466,هذا,مثل,بلادكم,في,للخطيب
466,الي,وصل,فلما,وحلوي,الخطيب
466,عيد,في,بها,الحكام,وبعض
466,ويوصف,للسكر,مسابك,عده,وكان
466,الغربي,بالجانب,المدينه,هذه,سمهود
466,عشر,سبعه,بسمهود,كان,الادفوي
466,جمله,من,المدينه,هذه,ارجنوس
466,من,ايضا,المدينه,هذه,ابويط
466,الغربي,بالجانب,المدينه,هذه,ملوي
469,دروط,ان,اعلم,بلهاسه,دروط
469,حلفه,الجود,حلف,الشاعر,فيه
469,ابراهيم,المغيره,ابن,فيه,الشاعر
469,ماجدا,مات,احمد,فيه,الشاعر
469,تجاهها,الاطفيحيه,من,هي,سكر
475,وذكر,القضاعي,قال,ترسا,قريه
475,قري,احدي,هي,اندونه,منيه
475,الحكم,عبد,ابن,قال,وسيم
482,لان,بذلك,سميت,انما,اخر
482,بن,مصر,ابنه,وقدم,وانثي
482,كان,البيهقي,عن,سعيد,ابن
482,الج,للعرش,ويقال,موضعه,في
483,الاخره,جمادي,وفي,الفاضل,القاضي
483,الفرما,البكري,قال,الفرما,مدينه
483,ليس,كتاب,في,خالويه,ابن
486,البحرين,مجمع,وبها,الكندي,ابن
486,برزخ,بينهما,يلتقيان,البحرين,مرج
486,وهما,حاجزا,البحرين,بين,وجعل
486,القاف,بضم,القلزم,القلزم,مدينه
486,بالقلزم,المعروف,والبلد,الطوير,ابن
495,فضمن,فيه,هو,ما,له
498,الكرك,مدينه,خلا,البلاد,من
503,ان,والعساكر,انت,قدرت,اما
514,فتزوج,السنه,من,النكاح,له
514,فقير,انا,ولا,شيخ,انا
514,لما,تفطن,انا,كلامه,في
514,يا,خواصه,من,شخص,له
516,من,كسوه,فيها,ورايت,الفاكهي
517,مصر,مدينه,بين,فيما,الطريق
517,عبد,بن,الله,عبيد,ابو
520,من,المدينه,هذه,الرقه,مدينه
520,لخم,من,القوم,اولك,قتاده
520,لها,يقال,وكان,شمس,عين
525,الا,قط,وال,راه,ما
525,من,ندوسه,يا,خازنه,لندوسه
525,بعدها,وعاش,الامير,ايها,انت
525,شمس,عين,البكري,عبيد,ابو
525,شمس,عين,حبيب,بن,محمد
525,تسموا,الذي,شمسا,ان,الكلبي
525,شمس,بعين,واسطوانتين,خرداذبه,ابن
525,في,الرحيم,عبد,بن,محمد
526,ولدها,ومعها,اتت,امراه,ان
527,هذا,كتابنا,من,دمياط,مدينه
527,ذلك,فشق,كرري,بالله,لها
527,العود,فاخذت,انت,غني,لجاريته
532,مدن,احدي,هي,دندره,مدينه
532,العباس,شجره,يا,عندها,الانسان
532,ورا,منقطعه,الواحات,الداخله,الواحات
533,ان,ويقال,شاه,وصيف,ابن
537,ملوك,احد,بناها,الخارجه,الواحات
537,البودسير,واراد,شاه,وصيف,ابن
537,فهي,الواحات,بلاد,واما,المسعودي
540,ابو,العدل,الخطيب,اخبرني,الادفوي
540,في,المدينه,هذه,البهنسا,مدينه
540,تعالي,قوله,في,المفسرين,بعض
540,مناوش,واستخلف,شاه,وصيف,ابن
543,لي,رفيق,ورجل,انا,خرجت
543,نحوا,بالوادي,اقاما,انهما,فاخبرني
543,اعظم,من,كانت,الاشمونين,مدينه
545,جلدا,كان,شاه,وصيف,ابن
545,رجلا,ان,اخميم,اهل,وذكر
545,ما,فتحرق,نار,تكون,بعضهم
545,فعملوا,ما,يكون,بل,اخرون
552,المغرور,ايها,تريد,اين,للملك
552,احد,اليه,يصل,لا,موضع
552,اصول,من,قال,عيشك,ما
552,من,قال,تشربون,اين,فمن
552,زهاده,قال,منا,هربتم,فلم
552,الشمس,حميت,اذا,بكم,فكيف
552,هذا,تحت,غيران,الي,ناوي
552,اخلفه,مال,في,لكم,فهل
552,الترف,اهل,المال,يريد,انما
552,اصحابه,من,بنفر,فانطلق,فارنيه
555,فلما,حاجه,بذلك,لي,ما
555,الي,احب,السجن,رب,يوسف
555,قد,وفلانا,فلانا,ان,له
555,ما,يوسف,فقال,به,جيوني
557,كتبنا,في,نجد,انا,الكاهن
557,ايامنا,في,يكون,هذا,الملك
557,كثيره,مده,الي,ولا,لا
557,كما,الامر,كان,ان,الملك
557,الناحيه,هذه,وهبت,اني,له
557,الريان,فملكهم,الحكم,عبد,ابن
557,عنهما,الله,رضي,عباس,ابن
557,والبس,السجن,ثياب,عنك,الق
558,فلما,قال,تخف,لا,له
558,مصر,علي,سلطنتك,قد,ليوسف
558,السرير,علي,واجلسه,نعم,يوسف
558,اشتد,قالوا,لنا,مشيخه,حدثني
558,اعزلك,لم,فقال,عزلتني,لم
558,نصحي,علمت,قد,يوسف,له
558,شت,حيث,اختر,فرعون,له
568,وبه,كثيره,ضياع,شرب,ومنه
570,الدلال,كتاب,في,زولاق,ابن
570,متجددات,كتاب,في,الفاضل,القاضي
570,يغل,هنالك,معروف,والفيوم,البكري
570,تقام,جامعا,اجعله,ان,اريد
573,ذلك,في,الهند,من,البراهمه
577,الدهر,ومعناه,هند,السند,اصحاب
578,الهند,قدما,من,الهازروان,اصحاب
578,التي,العالم,مده,الازجهير,اصحاب
578,بخت,بو,وابن,معشر,ابو
581,من,قوم,وزعم,معشر,ابو
581,الاف,تسعه,الدنيا,عمر,قوم
581,عشر,تسعه,الدنيا,عمر,قوم
581,وعشرون,احد,الدنيا,عمر,قوم
581,وسبعون,ثمانيه,الدنيا,عمر,قوم
586,عبد,وروي,سنه,الاف,سته
586,الله,صلي,الله,رسول,سمعت
586,احمد,بن,الحسن,محمد,ابو
586,جرير,بن,محمد,جعفر,ابو
586,في,اجلكم,السلام,عليه,قوله
586,اوله,اليوم,كان,ان,فمعلوم
590,القرشي,معاويه,بن,محمد,حدثني
590,لكل,ان,الا,محمد,ابو
590,قبل,للامم,كانت,التي,التواريخ
590,محمد,بن,احمد,بن,محمد
590,كتاب,في,جعفر,بن,قدامه
591,اثنا,العالم,عمر,والفرس,المجوس
591,الي,الدنيا,من,الماضي,ان
591,انما,الماضيه,الالاف,الثلاثه,قوم
591,الي,ادم,من,الماضي,اليهود
591,الاف,خمسه,بينهما,المده,النصاري
595,واما,الكتاب,هذا,من,الاسكندريه
595,السنه,ان,اعلم,القبط,تاريخ
598,النهار,طرفا,هما,الحدان,هذان
598,القبط,تاريخ,يعرف,الذي,دقلطيانوس
601,الناس,بين,العالم,في,يعرف
611,اركض,له,وتعالي,سبحانه,الله
611,بهم,احارب,كيف,رب,يا
611,الي,تر,الم,فيهم,الله
611,احياهم,ثم,موتوا,الله,لهم
611,بعضكم,وليصب,اليوم,بهذا,تبركوا
611,تر,الم,تعالي,الله,قول
611,احياهم,ثم,موتوا,الله,لهم
612,في,الاصفهاني,حمزه,بن,علي
612,ذكر,في,شاه,وصيف,ابن
612,النيل,كان,ولما,رضوان,ابن
612,السنه,هذه,وفي,زولاق,ابن
612,وفي,وستين,اربع,سنه,في
612,وحل,تاريخه,في,المامون,ابن
614,بالجلود,والتصافع,بالما,التراش,من
614,ولكن,ونورزت,الناس,نوروز,اخر
614,يا,النوروز,اتي,ولما,اخر
614,القبطيه,الشهور,ايام,يوافق,ما
628,الحسن,بن,علي,الحسن,ابو
628,اذ,وماتين,واربعين,احدي,سنه
629,فلما,وماتين,وسبعين,ست,سنه
629,في,ولبثوا,الكهف,سوره,في
629,سببه,له,وشرح,النقل,هذا
630,كان,وقد,الحسن,ابو,القاضي
630,المحسن,بن,هلال,الحسين,ابو
630,محمد,ابو,الوزير,اراد,لما
630,هشام,ابي,بن,الفرج,لابي
631,الكتاب,نسخ,اغفلت,لماذا,له
631,ما,الفرج,ابا,يا,له
631,اذكر,وانا,الحسن,ابو,القاضي
641,الي,واربعماه,وتسعين,تسع,سنه
641,سنه,متجددات,في,الفاضل,القاضي
641,الكتاب,ونسخه,الحسين,ابو,القاضي
650,احتاج,لما,ثم,وخلفاها,القاهره
650,الفسطاط,الجوهري,قال,مصر,فسطاط
650,اعلم,مصر,مدينه,فسطاط,ومنه
651,الفسطاط,موضع,عليه,كان,ما
652,موجود,المقياس,وعمود,المتوج,ابن
652,ذكر,عند,الكتاب,هذا,في
653,الشمع,بقصر,يعرف,الذي,الحصن
653,اسمه,بناه,الذي,ان,الواقدي
654,والشام,مصر,وصارت,سعيد,ابن
654,طخشاشت,بناه,الذي,ان,غيره
654,الليث,عن,الحكم,عبد,ابن
654,بن,نصر,الاسود,ابو,وكان
654,بقصر,المعروف,الحصن,ذكر,القضاعي
654,اليون,باب,البكري,عبيد,ابو
654,للتعريف,فيه,واللام,الالف,وليست
654,ارضنا,تهامي,وحلوا,صخر,ابو
655,اسم,بالبا,البون,باب,الحازمي
655,بابليون,هشام,بن,الملك,عبد
655,الفسطاط,ظاهر,في,القضاعي,القاضي
655,صريح,تري,كما,فهذا,الملف
655,المعرب,كتاب,في,سعيد,ابن
679,قد,قوما,رايت,ما,تالله
679,وعد,جا,فاذا,تعالي,الله
679,مزاحم,بن,والضحاك,ومجاهد,قتاده
679,الازد,من,عامتهم,وكان,جميعا
679,وكان,خديج,بن,معاويه,لهم
682,علي,الفسطاط,مدينه,وكانت,العسكر
682,فتحت,حين,من,الفسطاط,امرا
682,العاص,بن,عمرو,وغيره,الكندي
686,من,جنودا,لله,ان,عمرو
686,غيرك,اردت,ما,والله,اما
686,خارجه,اراد,الله,ولكن,عمرو
687,فابي,فيه,بما,ياخذه,من
687,اثنين,بين,اجمع,ما,والله
687,ثم,فيه,بما,ناخذه,نحن
687,كنتم,قد,مصر,اهل,يا
687,بيده,دراكم,ابيتم,فان,فعل
693,لا,فانك,عنا,اخرج,له
696,بالعسكر,كنا,يومذ,من,الناس
698,الخطط,هذه,ذكر,وعند,القطاع
698,قناطر,خط,ذكر,وعند,القطاع
698,امرا,من,العسكر,نزل,من
703,فعلي,ش,له,ضاع,من
703,يخاف,ولا,يخافني,رجل,هو
707,علي,رايت,ما,عفير,ابن
719,لهمه,هذه,ان,المدبر,ابن
719,الرساله,بلغته,لما,المدبر,ابن
723,قراطغان,ابن,ابراهيم,مره,له
723,مد,من,كل,هذا,يا
723,التعفف,من,اغنيا,الجاهل,يحسبهم
727,السباق,لحلبه,الخيل,فيها,تنتج
729,بن,احمد,بناه,المنظر,القضاعي
729,ببغداد,الجمعه,ذهبت,وقد,كاتبه
729,علي,النكاح,المعتضد,وعقد,القضاعي
729,بيني,بقي,هل,خمارويه,له
729,فقال,حسابك,انظر,فقال,لا
729,فيه,طومار,ربع,فاخرج,احضروه
729,الف,اربعماه,هي,فاذا,النفقه
729,فنظرت,المادراني,علي,بن,محمد
729,الخبر,هذا,ذكرت,وانما,القضاعي
730,وهو,الجهاز,من,بقي,كسر
730,في,اليوم,يعرف,ولا,كاتبه
732,علي,اعدوا,اذ,دري,لله
733,وقال,المعتمد,من,نيل,ما
735,وابنه,والموفق,المعتمد,ان,فيه
742,الميدان,الي,وانظر,وقفه,قف
742,لذي,الهوا,قبه,في,ان
742,به,معتبرا,الميدان,علي,مررت
743,ضاحيا,بالامس,الميدان,علي,مررت
743,الفطر,عيد,ليله,كانت,لما
743,النابلسي,عثمان,عمرو,ابو,القاضي
743,في,الشعرا,اسما,كانت,فاذا
743,في,دحيه,بن,الخطاب,ابو
743,الامرا,من,مصر,ولي,من
751,الفسطاط,مدينه,عليه,كانت,ما
751,بن,الليث,عن,يونس,ابن
751,له,فقال,الرطل,افلس,باربعه
751,سلمه,ابو,منه,فاخذ,نعم
751,اصرفه,قال,ثم,بدينار,بعثني
751,محمد,الله,عبد,ابو,الشريف
752,من,الفسطاط,مصر,في,كان
752,محمد,الله,عبد,ابو,القاضي
752,انه,عبيد,ابي,القاضي,عن
752,اليه,دفع,انه,القضاعي,غير
752,ابي,الي,اهدي,انه,ويقال
753,المهاجر,ابي,بن,الحسن,ان
753,غير,مال,لابيك,بقي,قد
753,بن,محمد,بكر,ابي,عن
753,خمارويه,الجيش,ابو,الي,بعث
753,المعرب,كتاب,في,سعيد,ابن
753,ايقاظ,كتاب,في,المتوج,ابن
754,الشرقيه,جهته,في,بالفسطاط,وكان
754,خمارويه,زمن,في,دخلتها,الراوي
754,من,لعدم,ادخله,ولم,فخرجت
754,عبد,مسجد,خطه,المتوج,ابن
754,الله,عبد,مسجد,من,عددت
755,زقاق,فيه,بني,السفافير,ودرب
755,سيره,كتاب,في,زولاق,ابن
755,وافي,قد,منسا,الاستاذ,ان
755,لك,كم,للدقاق,مونس,كاتب
755,ان,يرضي,الاستاذ,احسب,ما
755,لا,حسين,خبز,اكل,انا
755,هذا,الا,اجيبك,لا,والله
755,في,بالوظيفه,له,قم,الدقاق
755,ومعي,القمح,فرغ,وقد,فجته
755,ذلك,بقيه,فقلت,هذا,ايش
755,ما,فتامل,وتركه,منه,اعفني
755,بن,محمد,بكر,ابي,عن
756,اخذ,عطلته,في,وهو,مره
756,وانا,اكثر,اخذ,الذي,ابنه
756,نكتب,اليس,مولاي,يا,لابيه
756,وعين,وعرض,قال,منها,قريب
756,بضبط,الحساب,بعض,فامر,كذلك
756,عبد,ابا,ان,الجواني,الشريف
756,وكان,له,افطن,الجلسا,لاحد
757,بن,الرحمن,عبد,سعيد,ابو
757,ابي,كان,اخبرك,انا,لي
757,من,رايتها,وقت,اي,لي
757,افسرها,لست,ريا,هذه,لي
757,قربت,ان,عقيل,ابن,استاذي
757,من,اقل,اخذ,لا,والله
757,صحت,ان,عقيل,ابن,له
757,اليوم,هذا,مثل,ياخذ,له
757,هذا,يصح,لم,فاذا,استاذي
757,مثل,الي,عندك,العود,يكون
757,ومضت,انصفت,قد,استاذي,له
757,ان,يمكن,اين,ومن,لي
758,فقلت,عقيل,ابن,انت,لي
758,قلت,الخشب,قيمه,تبصر,افليس
758,لنا,فقوم,هلا,مع,فاذهب
758,امرتك,كما,الخشب,قومت,لي
758,الفا,فقلت,قومته,كم,هات
758,هو,فقلت,تغلط,لا,انظر
758,دينار,بالفي,انت,فخذه,لي
758,فقلت,وتبيعه,تدبيره,تحسن,الست
758,عليك,نصبر,ونحن,وبعه,فدبره
759,ربحه,هذا,اعطوا,لبعض,بعضهم
759,دينار,خمسماه,ربحه,اعطوه,قال
759,منهم,دينار,الف,قبضت,لي
759,منك,اخذ,لا,والله,لا
760,السنن,كتاب,في,داود,ابو
760,جنان,في,كان,هذا,ان
762,فويل,البربر,من,عنق,يخرج
762,الاسود,ابي,عن,لهيعه,ابن
762,ايها,فقال,واستقبلنا,يوما,سمعته
762,حرقا,او,غرقا,مصر,تهلك
762,الاسكندريه,ان,بلغك,اذا,لابنته
762,عكرمه,عن,حيان,بن,مقاتل
762,الجنه,من,تعالي,الله,انزل
762,بن,عقبه,عن,لهيعه,ابن
762,انطابلس,خرابا,مصر,اول,ان
762,يزيد,عن,سعد,بن,الليث
763,تخرجون,التي,السنه,لاعلم,اني
763,منها,يخرجنا,ما,له,فقلت
763,نيلكم,منها,يخرجكم,ولكن,لا
763,مدينه,لخراب,وكان,الفسطاط,خراب
767,اخبار,في,ذلك,من,طرف
767,ما,الاجناد,فاضطر,القصر,خزان
768,ناصر,يكفي,ما,للرسول,المستنصر
768,الجواني,اسعد,بن,محمد,الشريف
773,فسطاط,مدينه,في,قيل,ما
773,اليوم,الكبري,والمدينه,رضوان,ابن
774,فرايتها,مدينه,دخلت,اذا,روفس
775,هذه,اهل,ان,البين,فمن
775,الكمام,كتاب,عن,سعيد,ابن
776,هي,فالفسطاط,اخر,كتاب,عن
776,والفسطاط,حوقل,ابن,كتاب,عن
777,بالقاهره,استقررت,ولما,سعيد,ابن
779,يكون,الذي,الجسر,حوقل,ابن
782,تعالي,الله,شا,ان,الاخطاط
782,النيل,ساحل,ذكر,مصر,ساحل
782,الارض,اسفل,ساحل,كان,القضاعي
784,الجرف,بستان,الله,رحمه,ملفه
784,ذكر,عند,الصناعه,هذه,خبر
784,نقل,من,ورايت,المتوج,ابن
784,يثق,من,به,اخبره,انه
784,البستان,بين,الان,مصر,وباب
784,الباب,وهذا,الله,رحمه,ملفه
785,الجامع,موضع,عن,المتوج,ابن
785,البحر,هذا,علي,عمر,من
785,من,الدور,هذه,ورا,ما
786,كان,لانه,بالعالمه,عرف,وانما
786,كانت,الجديد,الجامع,بقعه,ان
787,مصر,خليج,ان,اعلم,المنشاه
788,الجوامع,ذكر,عند,خبره,في
788,وردان,اختطها,النحاس,دار,القضاعي
788,من,الدار,هذه,كانت,ربيعه
788,خط,النحاس,دار,المتوج,ابن
788,هذا,من,البرك,ذكر,عند
790,هذا,كان,الله,رحمه,ملفه
790,الكيمان,ذكر,في,الجارح,كوم
791,خط,المذكوره,البركه,ويجاور,الكيمان
791,شا,ان,وياتي,الجبال,في
791,خط,الكبش,خط,ويلي,الاخطاط
791,لفسطاط,وكان,مصر,مدينه,ابواب
796,الدوله,ابتدا,وكان,الفاطميين,الخلفا
796,قد,الشيعي,الله,عبد,لابي
796,اذا,فقالوا,بها,التعليم,اطلب
796,فعجبوا,الاخيار,فج,يكون,اين
796,سمي,وما,الاخيار,فج,هذا
799,نعتقد,كنا,بالذي,هذا,ما
799,فاظهر,المهدي,كنت,ان,له
799,تفعلوا,لا,الله,عبد,ابو
799,الحمار,صاحب,يصل,هنا,الي
799,الفواطم,لتعتصم,هذه,بنيت,انما
803,صدر,الذي,الجواب,هذا,ما
803,اريد,فهكذا,فيكم,الله,بارك
803,سور,ذكر,عند,ترجمته,في
803,او,اولادك,احد,معي,تترك
803,ملكي,عن,عزلتني,جعفر,يا
815,الجوامع,ذكر,عند,خبره,في
818,القاهره,موضع,عليه,كان,ما
823,عليه,كانت,وما,القاهره,بنا
823,مباركه,ليله,في,حفر,قد
830,بعد,القاهره,اليه,صارت,ما
833,والجيزه,الفسطاط,امر,اقتصر,وقد
833,المعرب,كتاب,في,سعيد,ابن
833,من,تقهر,لانها,القاهره,وسميت
833,اسمها,المدينه,هذه,سعيد,ابن
838,رساله,من,الحسين,الدين,زكي
843,الشيرازي,محمد,الدين,جلال,العلامه
844,بقا,مده,في,قيل,ما
844,بن,محمد,الدين,محيي,المعارف
844,عماره,بدايه,كانت,الشارح,هذا
844,واحدي,اربعماه,ومدتها,القاهره,فعمر
844,زحل,نزل,واذا,الاصل,في
844,سنه,في,ذلك,كان,الشارح
844,ما,الترك,عن,المعز,سل
844,وينهون,بالمعروف,يامرون,مسلمون,قوم
845,جانبه,الي,وكان,هكذا,يكون
845,بعضهم,يقتل,زوالهم,يكون,هكذا
845,العاشر,القران,من,بني,احذر
845,في,العاشر,القران,اول,الشارح
845,واحدي,اربعماه,الاخر,الربع,في
845,برج,في,والمريخ,زحل,قران
845,فيه,تتضع,العاشر,القران,ان
846,سنه,في,القاهره,عمر,انها
846,ما,علي,وشوارعها,القاهره,مسالك
855,القاهره,عماره,فاتك,لما,الجوهر
858,المعز,مات,ولما,موضعه,في
858,الا,قو,ولا,حول,لا
858,ابا,يا,عندي,كنت,قد
873,وما,والتحف,الذخار,كتاب,في
873,ثلاثين,الكبيره,الشمسيه,في,ان
873,السلام,عبد,محمد,ابو,المرتضي
873,بمجلس,العام,الجلوس,في,هيتهم
873,ان,وسياتي,العام,اول,الركوب
876,اليوم,كان,فاذا,الطوير,ابن
876,رمضان,شهر,في,ينفق,ومبلغما
876,بن,الملك,عز,المختار,الامير
876,الباطنه,الاسمطه,فاما,الطوير,ابن
878,سماطي,في,ينفق,ما,ومبلغ
879,يداعبه,وهو,اسره,الذي,له
879,عبد,الدين,محيي,الريس,القاضي
879,صلي,الله,رسول,مع,كنا
879,من,بالممنين,اولي,اني,الستم
879,بكل,اولي,اني,تعلمون,الستم
879,مولاه,فعلي,مولاه,كنت,من
908,ابن,عند,الاموال,كثرت,ولما
908,خارجا,دينار,الف,سبعماه,انه
908,شيخ,يا,الليث,ابي,لابن
908,الله,حاشا,لقد,نعمتك,وحق
908,الليث,ابي,ابن,وقتل,انتهي
908,في,الخدمه,اما,الطوير,ابن
914,منزلا,كان,الظاهر,عبد,ابن
917,وقت,خرج,يكن,لم,من
917,الحافظ,الخليفه,امر,فحينذ,البته
918,ان,قبل,قال,الامر,ان
921,الاتراك,ان,الذخار,كتاب,في
921,النافعي,القصر,الظاهر,عبد,ابن
922,بالله,العزيز,عند,وذكر,المسبحي
922,دريد,لابن,الجمهره,كتاب,عنده
922,الخزان,عده,الذخار,كتاب,في
923,الاول,العشر,في,بمصر,وكنت
923,بالكتب,خبره,له,من,لي
923,كانت,الكتب,خزانه,الطوير,ابن
937,عليها,جليت,التي,الحصير,ان
941,وهي,الفرش,خزانه,الطوير,ابن
941,خزان,فاما,الذخار,كتاب,في
944,خزان,من,اخرج,فيما,اخرج
944,اخرج,ما,جمله,في,اخرجنا
954,ولما,والتحف,الذخار,كتاب,في
957,هذا,الله,الا,اله,لا
957,عنهم,انت,اتنقل,السلطان,له
962,الامام,مشهد,الظاهر,عبد,ابن
965,يبايع,لا,مثلنا,فقالا,بايعا
965,احب,فمن,شيعتنا,خذلنا,قد
965,الي,معذره,انها,الناس,ايها
967,ذي,بن,لشمر,زياد,ابن
973,وكان,الشرقي,الكبير,القصر,ابواب
973,المعز,عن,ط,ابي,ابن
973,لما,المعز,ان,ميسر,ابن
973,علي,جمل,خمسماه,كانت,غيره
973,سنه,اخبار,في,المامون,ابن
976,وسلم,عليه,الله,صلي,النبي
976,كان,لما,الظاهريه,السيره,جامع
978,رث,عتيق,كتاب,في,ورايت
978,ابواب,علي,التي,الطلسمات,فيه
980,اذ,وكنت,القول,هذا,لهما
980,ان,الاخباريين,من,واحد,غير
980,تعالي,الله,شا,ان,المصلي
981,القصر,هذا,بجوار,وكان,المنحر
986,رجل,الا,عني,يبلغ,لا
986,بجوار,وكان,الكبري,الوزاره,دار
987,الوزاره,دار,الظاهر,عبد,ابن
989,من,سقط,وقد,مره,رايت
990,ومقدار,خلعهم,وهيه,الوزاره,رتبه
990,فلما,الكتاب,هذا,من,الحارات
990,زي,من,وكان,الطوير,ابن
991,خلعهم,وكانت,طي,ابي,ابن
1001,الطارمه,اصطبل,الظاهر,عبد,ابن
1002,هذه,وحد,وقفها,كتاب,في
1002,منها,شوال,وفي,المامون,ابن
1002,ايام,في,الظاهر,عبد,ابن
1003,في,رايت,الظاهر,عبد,ابن
1003,انها,الحلبي,الشريف,السيد,لي
1003,وقد,الله,رحمه,والدي,لي
1003,سنه,غره,واسفرت,المامون,ابن
1014,مده,في,تضرب,لم,انها
1014,الخليفه,باسم,يضرب,ما,وصار
1014,العدس,خميس,الظاهر,عبد,ابن
1014,دار,كانت,الامريه,الوكاله,دار
1014,سنه,شوال,في,المامون,ابن
1014,شرقي,في,وكان,العيد,مصلي
1014,يتعلق,وما,العيد,صلاه,هيه
1014,لدين,المعز,وركب,زولاق,ابن
1019,علي,ما,ذلك,بعد,المامون
1026,فان,خشوعا,الحاضرين,الي,مشيرا
1026,قضيب,حسبك,للشريف,قل,له
1026,الاسلام,الله,عند,الدين,ان
1029,الكتاب,هذا,من,والخطط,الحارات
1029,واهدت,والتحف,الذخار,كتاب,في
1029,مستهل,في,ماتت,حين,وخلفت
1030,قال,مثاقيل,عشره,فيها,ان
1030,ست,سنه,في,المامون,ابن
1030,وفي,قال,بالمنحر,كان,ما
1030,في,كان,الظاهر,عبد,ابن
1031,محمد,الملك,عز,المختار,الامير
1031,احضر,واربعماه,ثلاث,سنه,وفي
1036,في,مالك,خرج,الضيافه,دار
1036,اول,السلام,عليه,ابراهيم,كان
1037,بالنيابه,المعروفه,الخدمه,الطوير,ابن
1039,درب,بجوار,وكان,المامونيه,الدار
1041,ودفعه,شيا,سم,انه,عنه
1041,سبع,سنه,في,المامون,ابن
1043,اصطبل,ذكر,عند,الاصطبل,هذا
1047,ليله,كانت,ولما,المامون,ابن
1047,وجددت,بهجتها,لدولتي,اعدت,قد
1047,وخمسماه,عشره,سبع,سنه,في
1049,النصف,مضي,اذا,الطوير,ابن
1053,مماتي,بن,الدين,علم,لي
1053,ارضي,لا,الارض,مالك,يا
1053,اثمت,عليه,يرد,عماره,الفقيه
1057,فتح,يوم,يعمل,كان,ما
1057,سيره,كتاب,في,زولاق,ابن
1057,الكبير,تاريخه,في,المسبحي,الامير
1057,ست,سنه,في,المامون,ابن
1057,ذراع,واربعماه,ذراع,الف,الف
1059,لجهه,يكون,ما,ذلك,بعد
1059,الاصحاب,من,لاحد,يكن,ولم
1059,وخمسماه,عشره,سبع,سنه,في
1060,السكره,منظره,في,المقصوره,وهيت
1060,الاهتمام,وقع,ما,جمله,ومن
1064,الباب,لمتولي,امامه,والترتيب,اولا
1066,انقضي,ولما,ميزته,حكم,علي
1068,مما,ان,الذخار,كتاب,في
1068,الله,اذن,اذا,الطوير,ابن
1075,ان,والتحف,الذخار,كتاب,في
1077,بالمقس,الدكه,الظاهر,عبد,ابن
1077,كانوا,انهم,المامونيه,للسيره,المرخ
1077,لاعزاز,الظاهر,عن,الطوير,ابن
1077,العساكر,تجهيز,وذكر,المامون,ابن
1081,الشهر,هذا,وفي,المامون,ابن
1082,يسمع,بحيث,للامرا,المامون,الوزير
1083,مراكب,جميع,وكانت,المامون,ابن
1083,عشر,سته,النيل,وفي,ولما
1083,ديوان,في,الخدمه,الطوير,ابن
1083,احتفالهم,امورهم,اهم,من,وكان
1085,المعز,ان,طي,ابي,ابن
1085,ما,جمله,ومن,المامون,ابن
1085,الاسم,بهذا,يدعي,مجلس,القاد
1089,مياح,ابن,طلب,في,وللناس
1089,مقال,المصطفي,الامر,بلغوا,الا
1089,الابيات,بلغته,لما,الامر,الخليفه
1089,الدعا,بعد,حاجه,لي,ما
1090,كان,ما,بنفسي,اعرف,انا
1090,وما,المداف,هذا,قيمه,ان
1091,من,الله,باحكام,الامر,الخليفه
1091,اين,قال,مولانا,يا,لبيك
1091,ها,الحال,في,له,مجيبا
1091,محمد,الله,عبد,ابو,الشريف
1092,راس,عند,ذلك,وكتب,الخركاه
1092,جماعه,واتفقت,الظاهر,عبد,ابن
1096,المعادي,بعض,في,وجد,انه
1096,وخمسماه,وتسعين,اثنتين,سنه,في
1096,الامر,الخليفه,عن,الطوير,ابن
1096,انتم,الخليفه,حواشي,من,لجماعه
1098,في,كان,فلما,ميسر,ابن
1098,من,خلت,عشره,ولاثنتي,المسبحي
1099,الفاطميون,الخلفا,كان,التي,الايام
1099,السماط,من,ويفرق,الضرب,دار
1100,فانظره,الحسيني,المشهد,ذكر,عند
1101,من,به,الله,خصه,ما
1101,النقط,كتاب,في,الجواني,الشريف
1101,جاريه,العاده,وكانت,المامون,ابن
1102,شعبان,انقضي,فاذا,الطوير,ابن
1102,من,الذهب,قاعه,في,السماط
1102,اسمطه,ذكر,وقد,المامون,ابن
1102,وقدمت,بالدعا,وختموا,السحور,فضال
1103,التاسع,كان,ولما,المامون,ابن
1103,اعلم,الشهور,اول,في,مذاهبهم
1103,نجمت,الهجره,من,سنين,وفي
1112,خرج,انه,يحدس,ما,ومقدار
1112,اليغموري,يوسف,الدين,جمال,الحافظ
1112,القصر,عن,الظاهر,عبد,ابن
1113,الاثنين,يوم,وفي,الفاضل,القاضي
1114,قد,الغربي,القصر,ان,وذكر
1114,هذه,من,بقي,من,وعدد
1114,ثمان,سنه,الاخره,جمادي,وفي
1115,الله,بسم,وظواهرها,القاهره,حارات
1115,محله,كل,والحاره,سيده,ابن
1115,وظواهرها,وبالقاهره,القوم,منزل,والمحله
1115,متمن,ان,وسببها,العبيد,واقعه
1120,الوزغ,ويسمي,الظاهر,عبد,ابن
1120,نزل,لما,الظاهر,عبد,ابن
1120,وكسر,الزاي,بفتح,زويله,ياقوت
1120,ليلا,اموالهم,وبين,بينهم,احول
1120,وخمسماه,وتسعين,اربع,سنه,في
1120,المصريه,الدوله,في,اعلم,لا
1120,محمود,اسمه,ان,القفطي,ابن
1125,محمد,بن,الله,عبد,فيه
1125,اهبه,سفر,لكل,مولاي,يا
1125,لاكل,بدمشق,التفرج,اريد,اني
1125,جميع,فاستدعي,وخرج,والطاعه,السمع
1127,وانا,لحيته,اغسل,والله,كنت
1136,ادعوكم,كنت,الذي,المهدي,هذا
1138,الصالحيه,الحاره,الظاهر,عبد,ابن
1138,نزل,ولما,الظاهر,عبد,ابن
1138,برقه,اهل,من,جماعه,واختطت
1138,وذلك,ضرغام,ووزاره,البرقيه,الامرا
1140,الوزاره,جنك,اري,عماره,الفقيه
1142,ج,ماده,في,سيده,ابن
1142,الجواني,اسعد,بن,محمد,الشريف
1142,ببغداد,ملفه,اجداد,تزل,ولم
1142,باب,خط,الظاهر,عبد,ابن
1144,صلوات,مولانا,عبيد,كلنا,لهم
1147,هي,العدويه,الظاهر,عبد,ابن
1148,خارج,اليانسيه,الظاهر,عبد,ابن
1148,او,بماكل,امره,اكفني,لطبيبه
1148,الفرصه,امكنتك,قد,مولاي,يا
1149,الجيوش,ناصر,الفتح,ابي,وزاره
1156,تلك,علي,استولي,الخراب,وكان
1156,المتعيشون,صار,حتي,ذلك,وعمر
1156,علي,انها,الظاهر,عبد,ابن
1157,الحسينيه,حاره,ومنتزهاتهم,الخلفا,مناظر
1157,خمس,سنه,حوادث,في,المسبحي
1157,خوف,واشتد,الاخر,ربيع,في
1158,اهل,وخرج,الاخره,جمادي,في
1158,الحارات,فاما,الظاهر,عبد,ابن
1163,الاول,حلب,باب,في,ياقوت
1163,تقدم,قد,وظواهرها,القاهره,اخطاط
1163,من,حاره,عليه,يطلق,ما
1163,سنه,متجددات,في,الفاضل,القاضي
1166,سيره,كتاب,في,زولاق,ابن
1166,ولقد,الدما,سفك,يكره,وكان
1166,خمس,وضرب,فبطح,ابطحوه,خذوه
1166,فقال,يتشاطر,ذا,هو,الاخشيد
1166,امرا,كتاب,تتمه,كتاب,في
1166,يعني,اليوم,هذا,غد,وفي
1168,يعني,الصالح,الملك,السلطان,وامر
1168,اسود,عبدا,كان,الاخشيدي,كافور
1171,المعروفه,الحاره,الظاهر,عبد,ابن
1174,حانوت,علي,يقفان,كانا,انهما
1174,بطيخه,احدنا,قلب,وقفنا,فاذا
1175,محمد,الدين,محب,ابنه,لي
1179,تثر,كنت,ان,مولانا,يا
1179,يقوم,ومن,ويحك,الحاكم,له
1179,بن,عمر,بن,علي,عبدك
1179,قال,هذا,يفعل,او,ويحك
1179,في,ههنا,يلقاني,له,قل
1179,فقال,نفسك,وقتلت,قتلتني,ويحك
1179,كم,هذا,يا,فهد,له
1179,ولا,يقدح,ما,والله,العداس
1179,من,علي,الله,سلط,فهد
1179,ولا,ذلك,وعجل,امين,العداس
1184,فما,اليوم,اما,المنصور,له
1184,يا,والله,طرنطاي,فقال,صدق
1184,تتكلم,ان,اياك,ويلك,له
1189,خليل,الدين,صلاح,المرخ,الاديب
1189,والناس,قوله,سمعنا,وما,الزمان
1189,ان,موضعه,في,كله,ذلك
1190,الخط,هذا,الاكفانيين,خط,الرحاب
1191,السبيل,خان,الظاهر,عبد,ابن
1197,ومن,مصر,من,مكه,اين
1198,الخدمه,يوم,العدل,بدار,له
1198,القزويني,الدين,جلال,القضاه,قاضي
1198,فان,خوند,يا,ايتمش,الامير
1198,عنه,سكن,لما,ثم,امنه
1199,يقول,وسلم,عليه,الله,صلي
1207,بالسويقه,ان,الظاهر,عبد,ابن
1211,هو,ما,ايراد,والقصد,الخوخ
1216,كم,المداعبه,سبيل,علي,له
1216,للامير,رسمت,انت,خوند,يا
1216,يفتح,ان,شاورني,انما,السلطان
1216,فتح,ما,خوند,يا,الخازن
1216,وفتحها,الحا,باسكان,الرحبه,الرحاب
1217,باب,رحبه,فاده,فيه,ما
1217,الرحبه,هذه,تزل,ولم,ذلك
1218,تعالي,الله,شا,ان,ذلك
1218,الرحبه,هذه,تزل,ولم,الجوامع
1220,هذه,الافيال,رحبه,المظفر,دار
1224,الربع,الان,موضعها,وفي,الدور
1226,تعالي,الله,شا,ان,المنتزهات
1229,تعالي,الله,شا,ان,المدارس
1235,ما,مملوك,مالي,انا,له
1239,وخدمتك,يخدمك,من,يفلح,ما
1240,ما,مثل,اربيه,انا,السلطان
1244,بيبرس,فان,بيبرس,الركنيه,الخانقاه
1246,قصد,انما,المساله,هذه,لك
1246,رفيقه,الدين,تاج,ولد,هو
1249,وكشف,معي,الوزير,فعل,انظر
1249,وقد,فقام,غلط,هذا,شيخو
1249,ما,وانا,الوزير,شغل,هذا
1250,الملقب,ايبك,بن,خليل,الصفدي
1255,حيزباب,من,ويجاورها,الخلفا,مناظر
1261,الملك,لاخي,جهزت,قد,لطوخي
1261,في,السلطان,يرسلني,لم,طوخي
1261,من,اليه,ارسلها,انا,ازبك
1261,فاقترض,التجار,من,نقترض,نحن
1261,فرح,عمل,من,بد,لا
1264,ويرموني,رجلي,يجروا,مت,اذا
1264,هذا,عليه,اعيد,لما,القاضي
1267,الدين,بدر,امير,يا,له
1267,خوند,يا,والله,السلطان,صدقات
1269,ولم,ابدا,وجهه,يرني,لا
1273,الغني,عبد,الدين,فخر,الامير
1280,الكتاب,هذا,من,الخلفا,مناظر
1284,بن,محمد,الدين,شمس,فيه
1286,محمد,الدين,شمس,العلامه,الامام
1288,يونس,غيبه,في,سرا,السلطان
1288,ش,علي,يطلع,ان,الحذر
1288,ولم,سال,ان,منه,اخاف
1288,فراي,منه,عليك,ما,السلطان
1288,السلطان,رسم,قد,سرا,للسلطان
1288,ارسل,الدوادار,يونس,للامير,السلطان
1290,مولانا,يا,الصالح,اصحاب,بعض
1290,امر,الله,كفاك,مولاي,يا
1290,الله,عبد,الدين,محي,القاضي
1296,الكتاب,هذا,من,الدور,في
1297,الجواني,اسعد,بن,محمد,الشريف
1298,شبهوه,واخرون,مبنيه,قلعه,قوم
1298,وقال,الربا,فوق,روضه,تلك
1299,اليه,فبعث,ذنبي,اعرف,اريد
1299,قتل,حاضرا,كنت,لو,اواه
1300,ما,كونك,وتتحسر,اخي,انت
1301,قال,الكتاب,هذه,من,الاخطاط
1304,الكتاب,هذا,من,النصاري,كناس
1305,من,مصر,ساحل,ذكر,عند
1305,ان,الله,من,يسعني,ما
1308,السلطان,وقفها,الظاهر,عبد,ابن
1309,قيساريه,الصالح,الملك,فندق,في
1309,الامير,بناها,الظاهر,عبد,ابن
1309,جهاركس,صاحبها,ان,المرخين,بعض
1309,اي,ثمنها,انقدك,انا,لصاحبها
1309,بن,احمد,الدين,شمس,القاضي
1309,بن,يوسف,الدين,جمال,الحافظ
1310,خطلبا,الدين,صارم,الامير,حدثني
1310,ان,الدين,فخر,الامير,بلغ
1310,ركبنا,اذا,باخطلبا,الامير,لي
1310,السلطان,سماط,من,خرجنا,اذا
1310,ها,قلت,الفرس,اين,لي
1310,فلما,اليه,فدعوته,ادعه,لي
1310,يا,الدين,فخر,الامير,لي
1310,الامير,بان,واخبرته,به,فاجتمعت
1310,ما,فلان,يا,الامير,له
1310,ان,عسي,وما,خوند,يا
1311,اعطيت,انك,بلغني,الامير,له
1311,لم,فلم,قال,كان,كذلك
1311,جعلته,الفرس,هذا,مولانا,يا
1311,خرج,اذا,اذني,في,لي
1311,ثمنه,اخذت,وقد,اركبه,كيف
1311,لا,مولانا,تشريف,خوند,يا
1311,يا,الدين,فخر,الامير,له
1311,ايضا,التبنيني,الدين,صارم,اخبرني
1311,فتكلموا,الرجل,هذا,استخدموا,لديوانه
1311,هذا,فقيل,لمن,البرك,هذا
1312,عندنا,لك,ما,له,قولوا
1312,وها,راح,انا,مولانا,يا
1312,بما,واخبرته,الامير,الي,فدخلت
1312,له,ما,والله,فقال,الرجل
1312,عند,خدمت,انما,فقال,الامير
1312,واخبرته,الامير,الي,فرجعت,الامير
1312,ما,له,يجري,فقال,الرجل
1313,الحاجه,قضيت,فقد,ارجع,له
1314,ابو,الدين,بدر,القاضي,اخبرني
1314,في,القيساريه,اسكنت,السلطان,بسعاده
1314,اسكنتها,كنت,ان,قاضي,يا
1314,بيبرس,فر,لما,انه,وذلك
1315,وان,سجنا,كانت,انها,الاسواق
1319,خمسه,لها,ان,المتوج,ابن
1322,ولدي,بعد,بالملك,اعمل,ايش
1322,السبيل,خان,الظاهر,عبد,ابن
1323,منكورش,خان,الظاهر,عبد,ابن
1323,احد,كان,هذا,ومنكورش,ملفه
1323,ابن,فندق,الظاهر,عبد,ابن
1325,انشاه,الكتاب,هذا,من,القصر
1325,وقال,الكتاب,هذا,من,الدور
1326,والسوق,سيده,ابن,قال,الاسواق
1329,المعروفه,والسويقه,الظاهر,عبد,ابن
1333,الكتاب,هذا,من,القصر,ابواب
1335,القاهره,حسبه,في,انوب,كنت
1335,تلبس,ان,ترضي,وكيف,لي
1335,لبس,الي,تعد,لا,لي
1337,له,انعقد,الذي,اليوم,في
1337,من,ما,الممنين,امير,يا
1339,سيره,كتاب,في,زولاق,ابن
1339,في,الظاهر,عبد,ابن,ذلك
1342,تراع,لا,بني,يا,له
1344,مجد,القضاه,قاضي,شيخنا,لي
1344,داره,قطب,السوق,هذا,له
1344,الصاغه,وكانت,الظاهر,عبد,ابن
1347,شارع,السوق,هذا,وباب,القياسر
1349,من,الفاطميين,الخلفا,اصطبلات,عند
1349,ذكر,عند,البندقانيين,خط,في
1351,بن,الدين,علا,القاضي,تزوج
1354,السويقه,هذه,عرفت,القاهره,ظواهر
1354,عامه,فحرف,عاط,عاط,له
1355,القاهره,بقصبه,كانت,التي,العواد
1359,الله,شا,ان,الميدان,هذا
1359,هذا,من,المقابر,ذكر,عند
1359,هذا,من,المناظر,ذكر,عند
1359,الكتاب,هذا,من,موضعه,في
1359,واما,العسكر,ذكر,وعند,البرك
1359,هذا,من,مصر,ساحل,في
1360,هذا,من,القناطر,ذكر,عند
1360,هذا,من,الاحكار,ذكر,عند
1361,ويشفي,يكفي,ما,المواضع,هذه
1361,الكتاب,هذا,من,موضعه,في
1362,واما,الكتاب,هذا,من,الحارات
1363,وهو,الكتاب,هذا,من,الاسواق
1363,من,المناظر,ذكر,عند,خبرها
1363,والله,بيان,مزيد,الي,هنا
1363,خارج,الموضع,هذا,القبق,ميدان
1364,سابع,وفي,الظاهريه,السيره,جامع
1364,شديد,يوم,وهذا,صيام,الناس
1368,ذكر,عند,المهم,هذا,خبر
1369,هذا,من,المقابر,ذكر,عند
1369,تقدم,قد,الغربي,الخليج,بر
1370,المهراني,منشاه,ويجاور,مصر,مدينه
1370,هذا,من,الميادين,ذكر,عند
1370,الخليج,غربي,في,التي,الاحكار
1370,الطعام,جمع,الاحتكار,سيده,ابن
1371,بن,الرحمن,عبد,سعيد,ابو
1371,محمد,الله,عبد,ابو,القاضي
1371,بن,محمد,الدين,تاج,القاضي
1371,احكار,الان,اكثر,الحبس,وهذا
1375,هذا,من,الكناس,ذكر,عند
1376,ذكر,عند,الثلاث,الحمراوات,خبر
1376,الحكر,هذا,طقزدمر,حكر,هما
1381,ذكر,عند,الميدان,هذا,خبر
1382,هذا,من,البرك,ذكر,عند
1382,الساباط,حكر,واما,الفاضل,منشاه
1386,المكس,علي,الكلام,وفيه,المقس
1386,وبه,الكتاب,هذا,من,الصناعات
1386,بن,الرحمن,عبد,القاسم,ابو
1386,رضي,العاص,بن,عمرو,مسير
1388,من,جرير,بن,زياد,سالت
1388,ولا,مسلما,نعشر,كنا,ما
1388,السلمي,حبيب,بن,الملك,عبد
1388,في,المدينه,سوق,علي,كنت
1388,يخذ,ذلك,كان,شهاب,ابن
1388,رضي,الخطاب,بن,عمر,ان
1388,ان,والسنه,الله,رحمه,مالك
1390,رضي,الخطاب,بن,عمر,ان
1390,او,الفا,واعطني,الفرس,امسك
1390,قال,الفرس,وامسك,الفا,فاعطاه
1390,له,فقال,اخري,الفا,اعطني
1390,عمر,الي,التغلبي,فرجع,نعم
1390,رجل,انا,فقال,انت,من
1390,عنه,الله,رضي,عمر,له
1390,بن,زياد,الي,الرجل,فرجع
1390,كانت,والله,قد,الرجل,فقال
1390,العزيز,عبد,بن,عمر,ان
1391,بالخمر,الذمه,اهل,مر,اذا
1391,سحت,والقناطر,المعاصر,هذه,ان
1391,وحدثنا,تاخذون,كنتم,كما,خذوا
1391,عشور,علي,يستعملوني,ان,ارادوا
1391,اخبث,العشور,قلت,يمنعك,ما
1391,تفعل,لا,لم,لي,فقال
1391,كيقباذ,ان,المسعودي,الحسن,ابو
1391,مصر,تاريخ,في,يونس,ابن
1395,خارج,المكان,هذا,القمح,ميدان
1395,المعروف,المكان,الظاهر,عبد,ابن
1397,تقطع,ان,فسالت,تمني,لها
1397,الطباله,ارض,الظاهر,عبد,ابن
1397,بارض,المعروفه,الارض,هذه,فوهبها
1398,وفيها,الكاتب,هذا,من,البرك
1398,بن,الحسن,قال,الفقرا,حشيشه
1398,الشيوخ,شيخ,شيخه,ان,لي
1399,ذات,طلع,الشيخ,ان,ثم
1399,اذ,خلوتي,في,انا,بينما
1399,علي,فاوقفنا,الصحرا,الي,فخرجنا
1399,خصكم,قد,تعالي,الله,ان
1399,الشيخ,بزاويه,فزرعتها,جعفر,الشيخ
1399,ذاعه,شاعه,الحشيشه,تزل,ولم
1401,الاكاسره,زمن,في,بيررطن,وكان
1401,معروف,قديم,انه,اقول,وانا
1401,منهاج,كتاب,في,جزله,ابن
1402,الدين,تقي,انشدني,بالكف,ويسمي
1402,مع,استعماله,يقصدون,انما,والفقرا
1402,ياكل,لمن,ينبغي,الاطبا,بعض
1402,وهي,التخمه,من,تبر,انها
1402,المنهاج,كتاب,في,جزله,ابن
1402,كتاب,في,ماسويه,بن,يحيي
1402,ان,الادويه,اصلاح,كتاب,صاحب
1402,من,الزفر,لازاله,اجد,ولم
1402,دع,تعالي,الله,رحمه,ملفه
1404,ابن,قال,والتاج,البعل,ارض
1404,وارض,الكتاب,هذا,من,المناظر
1406,في,ياقوت,قال,الامرا,منيه
1406,منيه,لها,ويقال,الشيرج,ومنيه
1406,الجواني,اسعد,بن,محمد,الشريف
1406,الامرا,منيه,الظاهر,عبد,ابن
1406,لقربها,الكتاب,هذا,من,النيل
1407,هذا,من,الجسور,ذكر,عند
1407,لبلد,اسم,هذا,الريش,كوم
1408,غير,في,تقدم,قد,بولاق
1409,هذا,من,الناصري,الروك,في
1409,المهراني,ومنشاه,بولاق,بين,ما
1410,علا,القاضي,هناك,وانشا,الخور
1412,ان,اعلم,زويله,باب,خارج
1415,يعمل,لم,انه,حينذ,الناس
1420,ان,اعلم,الفتوح,باب,خارج
1420,من,للخلفا,كانت,التي,المناظر
1420,ذكر,عند,البستانين,هذين,خبر
1426,هو,الخندق,الظاهر,عبد,ابن
1426,وهم,وقد,الله,رحمه,ملفه
1426,مده,الصلاه,واقامه,تعالي,الله
1426,خارج,اما,النصر,باب,خارج
1428,اعلم,القاهره,بظاهر,التي,الخلجان
1428,بظاهر,الخليج,هذا,مصر,خليج
1432,ادريان,عن,الكتاب,اهل,علما
1432,حفر,ذكر,الحكم,عبد,ابن
1432,جهد,اصابهم,بالمدينه,الناس,ان
1437,جعفر,ابو,امر,قديد,ابن
1437,المنصور,جعفر,ابا,ان,البلاذري
1437,ان,مصر,الي,الساعه,يكتب
1437,ركوب,ذكر,وقد,الطوير,ابن
1437,يعني,الشهر,هذا,وفي,المسبحي
1437,حوادث,متجددات,في,الفاضل,القاضي
1438,عشر,تاسع,الاربعا,يوم,وفي
1438,بن,محمد,الناصر,سيره,جامع
1438,اخبرني,تعالي,الله,رحمه,ملفه
1442,تعالي,الله,شا,ان,القناطر
1442,الخليج,هذا,الفخر,قنطره,خليج
1444,الكتاب,هذا,من,موضعه,في
1444,الكتاب,هذا,من,موضعه,في
1444,حين,القنطره,هذه,ان,لومرا
1445,اعجبتك,السلطان,له,فقال,القنطره
1445,يعمل,لم,خوند,يا,والله
1445,كانت,التي,السباع,قال,كيف
1446,من,الخوخ,ذكر,عند,خبرها
1447,الي,اثارها,وبقيت,الخلفا,مناظر
1449,قنطره,الكتاب,هذا,من,الجسور
1449,هذا,من,موضعه,في,ذلك
1450,ينفع,من,ويولي,يعزله,السلطان
1451,العامه,تخشي,ما,امير,يا
1451,امر,في,تشاور,لا,له
1451,الكتاب,من,جماعه,ان,له
1451,بكبس,يرضي,لا,السلطان,ان
1454,الدنيسري,العطار,بن,احمد,الشهاب
1454,اقد,مم,المقسي,قنطره,تسلسلت
1454,قوموا,مجنهم,في,طبنه,اهل
1455,في,القنطره,هذه,فعمرت,البرك
1455,القنطره,هذه,عمرت,ولما,الجسور
1457,كتاب,في,الكندي,بكر,ابو
1457,بن,الرحمن,عبد,القاسم,ابو
1457,تعرف,كانت,الحبش,بركه,القضاعي
1457,ان,تاريخه,في,يونس,ابن
1457,الحد,ان,الشرط,هذا,بعض
1458,له,دارا,الشرط,هذا,في
1458,البر,عند,انشاها,كان,انه
1458,ماها,وان,بالقبانيه,تعرف,انها
1461,عبد,بن,اميه,الصلت,ابو
1461,من,المذكور,اميه,وهو,بعضهم
1461,والطرب,باللذات,فادك,علل,ايضا
1462,قد,المصري,الرصد,نزهه,يا
1462,تاريخه,في,الرفيق,بن,ابراهيم
1462,من,اجمل,قط,رايت,ما
1462,بن,بكر,ابي,بن,محمد
1467,في,البساتين,هذه,الوزير,بساتين
1467,اشرت,فيما,غررتني,المغربي,لابن
1472,جمله,ومن,اخر,موضع,في
1473,اسم,المعشوق,ان,اعلم,المعشوق
1473,راشده,خطه,ذكر,في,القضاعي
1474,معمر,بن,كهمس,يونس,ابن
1474,المعز,بن,تميم,خلكان,ابن
1474,حنا,وابن,المارداني,من,كلا
1477,ذكر,في,اقبغا,حكر,عند
1477,الدار,هي,الفيل,دار,القضاعي
1477,حبس,من,انها,مسكين,بنو
1477,الف,ماه,عليها,انفق,انه
1477,في,اليها,انتقل,انه,اليمني
1477,دارك,الي,بي,امض,له
1477,نحرير,لغلامك,فقال,هذه,لمن
1477,كتاب,في,الكندي,عمر,ابو
1478,فيقول,قرطاجنه,فقناه,له,فيقولون
1478,الجزيره,الي,انظر,اني,العجب
1478,القاهره,ذكر,وقد,سعيد,ابن
1478,الصاحب,بن,الدين,علم,فيه
1479,ذكر,عند,الزهري,حكر,في
1481,تميم,ابن,عميره,يونس,ابن
1481,كتاب,في,الكندي,عمر,ابو
1483,المحرم,حوادث,في,الفاضل,القاضي
1483,السلطان,عن,كثيرا,ذلك,من
1483,بن,محمد,الناصر,سيره,جامع
1483,الجواني,اسعد,بن,محمد,الشريف
1486,كناس,ذكر,عند,خبرها,في
1486,الذي,الجيم,بفتح,الجسر,الجسور
1486,وهو,لغتان,والجسر,الجسر,الخليل
1486,يعبر,الذي,والجسر,سيده,ابن
1486,بارض,الاوكر,كفراخ,فراخا,ان
1501,بمواليك,فعلت,ما,مرجان,لسيده
1501,فاخرجهما,الجدار,ذلك,في,هم
1510,ولم,بفضله,السلطان,اغناني,قد
1513,انك,ايقنت,قد,كنت,اذا
1513,التي,الجزار,ان,اعلم,الجزار
1516,ان,طولون,ابن,سيره,جامع
1524,المحلي,كتاب,في,سعيد,ابن
1524,حتي,الله,باحكام,الامر,الخليفه
1527,بن,يوسف,الدين,جمال,الحافظ
1527,من,شاهدته,ما,عجيب,ومن
1528,في,سعيد,بن,علي,العلامه
1528,فيما,الفسطاط,امام,هي,الروضه
1528,المعز,بن,تميم,شعر,في
1531,كتاب,وورد,الكندي,عمر,ابو
1533,مني,الشك,علي,بلده,تصير
1534,السنه,من,اشهر,سته,نحو
1535,السجن,سيده,ابن,قال,السجون
1535,محبوس,فهو,حبسا,يحبسه,وحبسه
1535,اتخذه,واحتبسه,ضبطه,حبسه,سيبويه
1535,كالحبس,مصدرا,يكون,المحبس,بعضهم
1535,الله,صلي,الله,رسول,ان
1535,عليه,الله,صلي,النبي,اتيت
1535,لي,قال,ثم,الزمه,لي
1535,اخا,يا,اسيرك,فعل,ما
1535,بانه,احتج,حبسا,يتخذ,لا
1535,احتج,حبسا,يتخذ,ان,له
1536,دارا,بمصر,بنيت,كنت,ان
1544,العرب,ان,ذلك,في,والسبب
1546,به,فودي,القران,بخلق,منهم
1546,في,كان,السادس,الفدا,وانثي
1546,الفدا,الاف,ثلاثه,وقيل,وانثي
1547,وذلك,الغدر,بفدا,وعرف,وانثي
1547,خلافه,في,العاشر,الفدا,وانثي
1547,في,عشر,الحادي,الفدا,وانثي
1547,في,عشر,الثاني,الفدا,وانثي
1547,الروم,ايدي,في,وبقي,وانثي
1548,المسلمين,علي,للروم,وفضل,وانثي
1552,ذكر,في,الخراج,هذا,خبر
1552,بمصر,تجبي,كانت,التي,الزكاه
1553,الله,ملكني,منذ,لله,الحمد
1556,من,خبر,الكتاب,في,له
1557,كل,المقس,الي,ماض,وهو
1558,الكتاب,هذا,من,موضعه,في
1559,الكتاب,ذا,من,موضعه,في
1560,بستان,مكان,وكان,المتوج,ابن
1560,كان,طولون,ابن,ميدان,الميادين
1560,ذكر,عند,الميدان,هذا,خبر
1560,ثالث,متجددات,في,الفاضل,القاضي
1561,تكون,امراه,ان,منجمه,له
1563,فامر,ذلك,فاعجبهم,للامرا,ذلك
1563,الملك,وكان,الناصريه,السيره,جامع
1569,كفايه,فيه,ما,ملكها,من
1569,كتاب,في,الكندي,عمرو,ابو
1576,البر,وهذه,الظاهر,عبد,ابن
1576,بن,شافع,الدين,ناصر,القاضي
1576,الجبل,قلعه,وصفه,القلعه,صفه
1582,ان,اعلم,المظالم,في,النظر
1585,العدل,بدار,المعروف,الايوان,خدمه
1589,مفصلا,والاحواش,والبساتين,القصور,هذه
1590,وعشرون,ماه,ونحوه,الشرابخاناه,لشاد
1590,العاده,جرت,قد,السلطانيه,العلامه
1596,ذكر,عند,الكتاب,هذا,في
1613,يفرق,ولم,طاهره,الاشيا,جميع
1616,فانك,الكتاب,هذا,من,المدارس
1618,الاقليم,خراب,اوجبت,التي,الاسباب
1618,مسعود,بن,الله,عبد,اتي
1618,عنه,الله,رضي,الله,عبد
1618,وهب,بن,زيد,عن,الثعلبي
1618,الله,رضي,مسعود,لابن,قيل
1618,التجسس,عن,نهينا,قد,انا
1619,وما,هذا,علي,الامر,فان
1627,مثل,يحتمل,لا,الديوان,هذا
1627,نصرانيا,كاتبا,الديوان,في,استخدموا
1627,يدل,ما,النيابه,وذكر,الاقطاعات
1627,الفاطميين,الخلفا,عهد,من,قديم
1628,زناري,كنبوشه,عوض,يكون,والاخر
1629,وجانباها,الذهب,خفيفه,الكلوته,وتكون
1629,هذه,ودون,والكلاليب,الكوته,خلا
1630,ما,سوي,اليوم,يبق,ولم
1631,ثم,الكتاب,هذا,من,القطاع
1634,الف,ثمانين,قالوا,تريدون,كم
1634,كم,فقال,بكثير,هذا,ليس
1636,اقاموا,انهم,الاعيان,من,جماعه
1639,عليها,الوقت,ازف,قد,براجوها
1639,بطل,قد,الله,رحمه,ملفه
1639,قلعه,بنيت,منذ,مصر,ملوك
1640,شا,ان,وستقف,والخلفا,الامرا
1640,والاتراك,الاكراد,من,ملك,من
1640,الاكراد,من,مصر,ملك,من
1640,طعم,فضل,الاكراد,ان,العجم
1640,فربتهم,والاوديه,الجبال,الي,اكردوهم
1654,المنابر,علي,العادل,مع,اسمه
1659,واللاض,وهم,الجراكسه,المماليك,دوله
1670,اتصلت,لما,انه,اعلم,الجوامع
1670,رضي,الخطاب,بن,عمر,قال
1673,الشمس,زالت,اذا,قوما,لهما
1673,حاجبيكما,علي,فاجعلاها,الشمس,انتصفت
1673,العاص,بن,عمرو,ان,الليث
1673,القبله,شرقوا,العاص,بن,عمرو
1673,قره,كان,فلما,جدا,فشرقت
1673,عمرو,رايت,تجيب,من,رجل
1673,قوله,في,حبيب,بن,يزيد
1673,وقال,الخير,ابو,اقراناها,هكذا
1673,الي,تنظر,وانت,القبله,ضع
1673,بينه,جبل,كل,فاماط,بيده
1673,يقولون,اشياخنا,سمعت,لهيعه,ابن
1673,هلال,بن,محمد,حدثنا,الواقدي
1673,المجوف,المحراب,احدث,من,اول
1673,عثمان,ان,شيبه,بن,عمر
1673,تفلت,اني,الا,ش,لا
1676,عبد,ان,ثم,القضاعي,القاضي
1676,كتاب,في,الكندي,عمر,ابو
1676,عبد,بن,الله,عبد,ان
1676,كان,العاص,بن,عمرو,ان
1676,بعض,من,اليه,حمل,انه
1677,اقدم,منبرا,يعرف,لا,انه
1679,عمرو,فسطاط,موضع,ان,بعضهم
1683,تزل,ولم,الله,رحمه,ملفه
1683,من,رمضان,شهر,وفي,القضاعي
1686,زياده,اطيانها,في,بان,له
1686,سنه,في,الزلزله,حدثت,ولما
1689,ابن,عن,وذكر,الداري,تميم
1689,مسجد,في,قص,من,اول
1689,القصص,اول,ذلك,وكان,يزيد
1689,عنه,الله,رضي,علي,امنا
1689,العاص,بن,وعمرو,اولا,معاويه
1689,قصصان,هما,سعد,بن,الليث
1689,ومجده,وحمده,وجل,عز,الله
1692,المصحف,يخلق,ان,علي,اعزم
1692,عفان,بن,عثمان,مصحف,انه
1692,المقتدر,خزان,من,استخرج,انه
1693,ما,بطلان,ودليل,المتوج,ابن
1693,بالبركه,المعروفه,المواضع,ذكر,القضاعي
1693,في,وجل,عز,الله,رايت
1693,ان,اتريد,قال,ثم,نعم
1693,الصغير,المحراب,وعند,المتوج,ابن
1693,عرفه,مقصوره,باب,ذلك,من
1695,المقر,واخبرني,المتوج,ابن,ذلك
1695,محمد,الدين,ناصر,المرخ,اخبرني
1695,محمد,الدين,شمس,العلامه,اخبرني
1695,المكين,القاضي,حدثني,المامون,ابن
1695,وسبب,مصر,بديار,التي,المحاريب
1696,منها,اقوال,انحرافه,سبب,في
1697,اهل,قبله,الحكم,عبد,ابن
1697,وتكملت,العقرب,منازل,طلعت,واذا
1707,يوسف,بن,محمد,عمرو,ابو
1711,بصحه,الشريعه,علما,من,جماعه
1714,من,تاريخه,في,المامون,ابن
1716,الكتاب,هذا,من,موضعه,في
1717,مكان,وهو,الظاهر,عبد,ابن
1717,احمد,كان,الطولونيه,السيره,جامع
1717,في,تقول,ما,ويحك,له
1717,يراه,حتي,للامير,اصوره,انا
1718,اليه,احتجت,وما,انفق,له
1718,ولو,مسجدا,لله,بني,من
1718,الله,نفعك,الامير,لك,يقول
1718,انزل,طولون,بن,احمد,له
1719,مراقي,علي,وهو,سهوه,الخطيب
1719,علي,الله,وصلي,لله,الحمد
1719,افطارا,الضعفا,هلا,يشتري,متي
1719,تبركت,وقد,دعاهم,بلغني,قد
1719,لله,الا,بنيته,ما,والله
1719,الجامع,هذا,حاذق,معبر,له
1719,جعله,للجبل,ربه,تجلي,فلما
1723,هكذا,للتاذين,التي,المناره,تبني
1723,الي,انزل,الحاكم,ان,المسبحي
1723,الامير,وافق,ممن,وكان,مدرسته
1727,بن,ابراهيم,بن,الحسن,الفقيه
1727,من,موضعه,في,القيساريه,بنا
1727,وما,بمصر,الاذان,ذكر,الاسواق
1730,الله,رضي,بلال,كان,الواقدي
1730,وامي,انت,بابي,عليك,السلام
1730,يقول,كان,غيره,وقال,البلاذري
1731,للناس,عنه,الله,رضي,عمر
1732,تنتسب,الذي,جعفر,بن,اسماعيل
1732,وعلي,محمد,بالليل,الاذان,في
1732,المشروع,الاذان,يذنوا,مروهم,لهم
1733,هذا,يكون,ان,اتحبون,لهم
1734,ان,يامرك,الله,رسول,له
1734,عليه,الله,صلي,الله,رسول
1735,فاذا,الزبور,كتاب,في,تفصيلهم
1735,نصف,من,الاذان,امدد,اني
1737,من,حضر,من,فيه,ووصف
1740,وجامع,العلم,ودار,راشده,جامع
1740,تنانير,ثلاثه,الفضه,تنانير,ان
1740,هذا,عن,الظاهر,عبد,ابن
1741,عبد,بن,الدين,محي,القاضي
1746,وثمانين,احدي,سنه,حوادث,في
1746,وتسعين,ثلاث,سنه,حوادث,في
1746,بباب,الجديد,الجامع,بنا,وتم
1746,باب,وعلي,الظاهر,عبد,ابن
1750,قراه,دون,فيه,بما,اشهدوا
1750,وقفت,انا,نعم,فقال,ذلك
1750,صحيحا,صدر,اذا,الوقف,ان
1751,حكم,عن,وسالهم,القضيه,لهم
1751,الشهاده,ان,حنيفه,ابي,مذهب
1751,مذهب,ولا,مذهبك,هذا,ليس
1751,مما,هذا,عقيل,ابن,له
1751,ليس,البلقيني,الدين,سراج,له
1751,له,فقالوا,بالظاهر,نحكم,نحن
1751,عليه,الله,صلي,النبي,قال
1751,بالفتاوي,هي,ما,الاحكام,المناوي
1751,القام,الدريهم,ابن,مجلس,في
1751,قل,يستفتونك,المبين,كتابه,في
1752,وسلم,عليه,الله,صلي,النبي
1752,هذا,وغيره,الهندي,الدين,سراج
1752,الفتوي,ان,الا,ارد,لم
1752,الحق,تخالف,التي,بالفتوي,فاردت
1752,هذا,قدر,فاذا,حينذ,السلطان
1752,فتبين,هذا,في,اعمل,كيف
1752,السلطان,مولانا,ان,شك,لا
1752,له,قيل,لنفسه,يحكم,كيف
1752,واذعن,اصله,دون,بوصفه,يبطل
1752,ابطاله,في,نعمل,كيف,للحاضرين
1753,ان,علي,المسلمين,اجماع,له
1753,تثبت,انظر,الله,رحمه,ملفه
1753,غره,الجمعه,يوم,وفي,المسبحي
1755,عبدك,وانا,اللهم,اسمعه,وانا
1756,الطراز,من,ووصل,المامون,ابن
1756,ادوب,بن,راشده,خطه,القضاعي
1757,ثلاث,سنه,حوادث,في,المسبحي
1757,وثلاثماه,وتسعين,خمس,سنه,في
1757,وثلاثماه,وتسعين,ثمان,سنه,في
1757,فيما,الجامع,هذا,المتوج,ابن
1758,ابن,من,وهم,هذا,ملفه
1758,اخبار,في,طي,ابي,ابن
1766,قره,بني,لقتال,العساكر,وخرجت
1772,لا,افعاله,كانت,بعضهم,فيه
1772,خمس,سنه,محرم,وفي,المسبحي
1773,وانفذ,راسه,فقطع,قتلته,هكذا
1773,وارتج,لله,الحمد,الله,بسم
1775,في,المقلتين,نزهه,كتاب,فيه
1775,السته,المواليد,في,الخليفه,جلوس
1775,في,كان,قد,امر,فهذا
1775,ورسم,الجامع,لهذا,تجديده,فيه
1781,الظافر,بناه,الظاهر,عبد,ابن
1782,الصالح,كان,الظاهر,عبد,ابن
1782,القصور,داخل,الا,يكون,لا
1782,ما,وصيته,جمله,في,لهم
1785,ديوان,في,الخدمه,الطوير,ابن
1786,ثلاث,سنه,حوادث,في,المسبحي
1786,واربعماه,خمس,سنه,حوادث,في
1786,كان,الجواني,اسعد,بن,الشريف
1787,الدواوين,اخرجها,الرزق,هذه,جميع
1788,هو,كما,الخراب,اسباب,احد
1790,في,انم,لم,اني,له
1790,المشهور,الجامع,المسجد,المتوج,ابن
1790,عمره,الجامع,هذا,المتوج,ابن
1790,بروضه,الجامع,المسجد,المتوج,ابن
1792,الموضع,ذلك,فقطع,بسو,فيها
1792,بسفح,الجامع,هذا,المتوج,ابن
1792,مسجدا,عمر,ايضا,الافرم,ان
1792,عماره,في,والسبب,المتوج,ابن
1793,ويخرب,الباب,هذا,غلام,اكون
1793,ثم,الله,يدبر,والطاعه,السمع
1794,بدير,الجامع,هذا,المتوج,ابن
1794,الكتاب,هذا,من,الاثار,رباط
1804,عمارته,سبب,وكان,المتوج,ابن
1807,بتغسيله,انفرد,ولا,ملك,هذا
1807,بخرقه,محنكا,كان,انه,الغاسل
1811,امر,الجامع,هذا,المتوج,ابن
1817,اوقاف,عده,الجامع,علي,وجعل
1818,دمشق,الي,انت,توجه,له
1821,منه,طلب,لجندي,مره,السلطان
1821,من,يوم,في,السلطان,له
1821,انها,لك,قلت,ما,له
1821,يقتل,ما,خوند,يا,للسلطان
1825,هذا,من,الاحكار,ذكر,عند
1829,اعمل,علي,حاج,يا,له
1830,حرمتني,وقد,اعبس,ما,كيف
1830,تجمع,قد,قال,حرمتك,كيف
1830,الذي,وضمان,اطبخ,رح,له
1833,صفر,ثامن,الاحد,يوم,في
1836,صوره,اصور,انا,عزيز,ابن
1836,فاذا,اصورها,انا,لكن,القصير
1837,الجواني,اسعد,بن,محمد,الشريف
1837,من,جماعه,جمعه,ليله,اجتمعنا
1838,من,رجل,انا,سيدي,يا
1838,فقلنا,للنجدات,يا,والله,اي
1838,علي,بقي,ما,انزلوا,بس
1838,وراسين,البترا,الا,بقي,ما
1838,السلطان,الي,الا,اخليه,ما
1850,يلي,من,المنصور,الملك,له
1850,عبد,بن,الدين,فتح,القاضي
1850,كل,علي,اعرض,الدين,لفتح
1850,ذلك,الي,لك,سبيل,لا
1850,حاله,علي,يزل,ولم,صدق
1852,هذا,الفلك,ابن,جامع,الاحكار
1859,المنار,ميل,علي,عتبنا,اخر
1859,فلا,امالني,نحس,برج,قريني
1859,بن,محمد,الدين,شمس,الاديب
1859,بالقضا,هدمت,قد,مناره,اخر
1862,منذ,ونحلهم,مصر,اهل,مذاهب
1865,ابا,ان,الكندي,عمرو,ابو
1865,ان,وغيره,قبيل,ابي,عن
1865,العزيز,عبد,بن,عمر,كان
1865,ما,العزيز,عبد,بن,عمر
1865,في,يونس,بن,سعيد,ابو
1865,شفي,بن,حسين,علي,دخلت
1865,شفي,كان,كتابين,الي,عمد
1865,عليه,الله,صلي,الله,رسول
1865,يعني,يونس,بن,سعيد,ابو
1865,ابا,ان,الكندي,عمرو,ابو
1871,بل,حبيب,ابي,بن,يزيد
1875,اهل,رسا,من,معه,من
1875,يفعل,لم,انه,ويحكم,علي
1875,ولولا,معاويه,مكر,من,هذا
1875,له,فقال,جعفر,بحق,له
1875,بن,عمرو,وسمع,وللفم,لليدين
1875,عسل,من,جنودا,لله,ان
1875,العسل,من,جنودا,لله,ان
1875,نصحي,يمنعني,لا,انه,له
1876,فقال,بكر,ابي,في,احفظوني
1878,جار,له,انا,انصرفوا,للجند
1879,قال,ثم,سليمان,ابا,احذروا
1879,كذب,هذا,فقال,لحميد,ذلك
1880,الكتاب,هذا,من,موضعه,في
1883,من,جمع,فرضيه,والقران,الصحابه
1883,جماعه,فيها,قتل,والنوح,السلف
1893,وتباينها,عقادها,واختلاف,الخليقه,فرق
1896,خير,لا,عنقه,هذه,من
1896,وكان,الفراسه,اخطات,وربما,عمر
1896,حينذ,من,فسموا,اعتزلوا,هلا
1896,بن,عمرو,اعتزل,منبه,ابن
1898,اذا,الصلوات,قضا,يلزم,لا
1898,الصغير,الطفل,الله,عذب,لو
1898,افعال,جمله,من,الله,اراده
1898,لم,الله,وان,المخزون,باللطف
1899,بالابصار,الله,ريه,اجاز,من
1899,زمن,في,الاماميه,تنعقد,لا
1899,وقال,الموكل,دون,الوكيل,لان
1899,تشكو,قليله,شرذمه,جاته,انما
1899,بن,وعلي,والزبير,طلحه,ان
1899,الكافر,الله,خلق,يقال,لا
1900,انسك,الغفاري,ذر,ابا,ان
1903,هاشم,ابو,وابنه,علي,ابو
1903,صوره,علي,ودم,لحم,هو
1905,الجسم,ان,وزعم,كفار,لعلهم
1910,الي,ذلك,فوض,بل,بعضهم
1910,الي,بعده,الامر,رجع,بعضهم
1913,علي,وهو,ما,اطعموني,خالد
1913,وزعم,النبوه,وادعي,الفاحش,بالتشبيه
1918,فكفرته,النار,في,المشركين,اطفال
1918,قبل,منهم,نتبرا,الكريم,عبد
1918,بل,منهم,نتبرا,لا,ثعلبه
1918,في,من,جميع,عن,نتوقف
1919,الرحمن,عبد,بن,زياد,لهم
1920,الاسلام,اهل,عقاد,في,الحال
1921,بن,معبد,الاسلام,في,بالقدر
1921,عليه,فطعن,الله,اعدا,كذب
1922,من,سبا,ابن,ترجمه,في
1925,بالتحسين,القول,وترك,المختار,بالفاعل
1932,طبيعه,هو,الكفار,من,قوم
1932,الي,عله,هو,منهم,اخرون
1933,عليه,الله,صلي,الله,رسول
1933,عنه,ونقلها,العلا,الله,صفات
1933,امكن,الاثبات,الله,رحمه,الشافعي
1933,ينفق,مبسوطتان,يداه,بل,تعالي
1934,والانثي,الذكر,من,المتولده,المخلوقات
1934,كمثله,ليس,قال,من,عز
1935,الامه,باجماع,كافر,فهو,هذا
1936,درس,سيده,ابن,قال,المدارس
1936,وادرسته,اياه,ودرسته,جني,ابن
1936,ابن,الله,عبد,ان,الواقدي
1936,دورا,فيه,ليبني,يريده,انه
1937,الكتاب,هذا,من,موضعه,في
1942,في,الزاهره,الروضه,كتاب,في
1942,ان,وقفها,كتاب,اخر,في
1942,الواقف,علي,الشهود,شهاده,رسم
1946,دارا,كانت,الظاهر,عبد,ابن
1949,فقال,منهم,هو,من,الخادم
1950,ويكون,منها,وظيفه,كل,في
1958,له,وجري,الظاهر,عبد,ابن
1958,هذا,ما,الدين,ضيا,الفقيه
1958,شكر,بن,الدين,صفي,الصاحب
1959,اني,والله,اعلم,الفقيه,له
1959,السم,تجرد,ولم,مولانا,يا
1959,الحوطه,وقعت,ما,كل,خذ
1959,صلي,النبي,البارحه,رايت,لهم
1959,ان,علي,اشهد,سيدي,يا
1966,اول,في,دمشق,الكامل,وتسلم
1968,ابو,الدين,علم,الطبيب,له
1974,الاجر,من,فيه,وما,الجهاد
1974,يقوله,شيا,هذا,وجد,ما
1977,اليوم,دخل,فلانا,ان,له
1981,لا,حضر,لمن,اقبغا,الامير
1982,الفراش,يسير,لاستاذك,قل,له
1982,واذا,بيتي,في,اقعد,للفراش
1983,ما,الامرا,من,ولعده,له
1983,السلطان,يرسم,والطاعه,السمع,للسلطان
1984,هذا,هو,ايش,اقبغا,له
1984,فقال,ابيه,تركه,من,انه
1984,فناوله,ارنيه,فقال,درهم,باربعماه
1984,ناخذ,ان,فضيحه,والله,له
1984,بن,طرنطاي,عليه,اشوش,لا
1987,جميعه,هذا,خوند,يا,له
1987,لاهله,ان,وذكر,لله,ش
1987,بيده,من,فسبحان,بريعها,تبلغوا
1989,اريد,بالنيابه,حاجه,مالي,انا
1989,بلغه,من,واول,خبره,في
1989,فغلقت,وامر,فعلوها,قد,والله
1992,ليتنا,يا,فانيه,الدنيا,لفراشه
1994,الا,يموت,اشتهي,كنت,ما
1997,ثم,الكتاب,هذا,من,الرحاب
1999,ممن,البطالين,الكتاب,ورقه,هذه
1999,بك,تلعب,الدواوين,ان,له
2003,الامر,فلي,مالكا,كنت,ان
2003,شهاب,الاديب,صاحبنا,ذلك,في
2007,ما,اعاقب,اني,عرفت,لو
2011,شيخ,انا,نعم,الجاولي,له
2013,مماليكي,ومعي,الا,اتوجه,لا
2025,كتاب,في,الكندي,عمر,ابو
2025,سنه,وفي,الطولونيه,السيره,جامع
2028,الاسعد,خط,رايت,ما,للشجاعي
2029,فيها,الصلاه,بمنع,افتيت,انا
2029,والامرا,الملوك,من,الامور,ولاه
2030,دعا,قد,الدين,علم,يا
2030,عليه,الله,صلي,النبي,قول
2030,اراد,انما,السلطان,ان,له
2030,اسر,الدين,نور,ان,له
2030,النيات,علي,المطلع,الله,الشجاعي
2030,من,التحرج,كان,ان,ملفه
2031,لديها,انه,الخورنق,ود,ومدرسه
2031,المسجد,سيده,ابن,قال,المساجد
2031,فيه,يتعبد,موضع,كل,الزجاج
2031,وطهورا,مسجدا,الارض,لي,جعلت
2035,هذا,من,القرافه,اخبار,في
2035,مصر,فسطاط,مدينه,اخبار,في
2037,وحلوله,غسله,حالتي,في,عنه
2037,الذخيره,مسجد,الظاهر,عبد,ابن
2037,المامون,ابن,عن,تقدم,ما
2037,وكان,تاريخه,في,المامون,ابن
2037,من,مانع,ثم,ما,له
2040,علي,بني,تبر,مسجد,القضاعي
2040,ثم,الامرا,كتاب,في,الكندي
2043,ما,عامر,ابن,يا,له
2043,فاشفعهم,فيشفعوا,اقربهم,ان,اريد
2043,الي,فتاتي,كرامه,ولا,لا
2043,بيان,اسمه,ان,ميسر,ابن
2045,وبعد,الاخره,العشا,صلاه,بعد
2045,ذلك,في,العصر,ادبا,بعض
2046,ثم,والكسوه,والصابون,الحلوي,فقطعت
2049,وصار,ذكره,فاشتهر,موضعه,في
2052,مدرسه,ذكر,عند,خبره,في
2054,الكتاب,هذا,من,الناصريه,الخانقاه
2056,التي,الاسباب,ذكر,عند,ذلك
2059,الكتاب,هذا,من,موضعه,في
2059,ركب,انه,اتفق,الجب,بركه
2061,هذه,ارسلان,خانقاه,نجد,اراضي
2061,القلعه,واطلع,الساعه,اخرج,له
2061,وكريم,الدين,فخر,يشتهر,ولم
2063,قدموا,به,الناس,وتسامع,بكتمر
2063,اياها,وهبته,ما,لي,هذه
2065,اصطبله,باب,يغلق,المغرب,ومن
2065,بكتمر,الامير,الي,روح,له
2065,من,جامعه,ذكر,عند,قوصون
2068,وقرر,الكتاب,هذا,من,الجوامع
2072,وروي,المشايخ,من,عده,فيها
2073,عمره,الرباط,هذا,المتوج,ابن
2074,من,محمد,النبي,باثار,اكرم
2074,تسفحين,ذا,كم,عين,يا
2077,كانك,السلطان,بحضره,مره,له
2077,السلطان,ان,اصحابه,لبعض,خضر
2102,القبر,المشهوره,والقاهره,مصر,مقابر
2102,الفعل,علي,ليس,المقبره,سيبويه
2103,قبل,كان,هذا,دوناي,ان
2103,ان,واكره,الله,رحمه,الشافعي
2103,حديث,من,الترمذي,روي,القرافه
2103,روي,وقد,غريب,حديث,وهذا
2103,بن,الرحمن,عبد,القاسم,ابو
2103,العاص,بن,عمرو,المقوقس,سال
2103,امير,الي,ذلك,في,اكتب
2103,الكتب,في,صفتها,لنجد,انا
2105,محمد,الله,عبد,ابو,القاضي
2105,جحض,بنو,الكندي,عمرو,ابو
2105,ورا,القاف,بفتح,والقرافه,ياقوت
2105,الجواني,اسعد,بن,محمد,الشريف
2105,له,يقال,الذي,القرافه,جامع
2105,سعيد,بن,محمد,بن,موسي
2107,الي,بجماعته,فخرج,الخبر,له
2107,اعلم,الكبيره,بالقرافه,الشهيره,المساجد
2107,الجند,ان,الكندي,ذكر,القضاعي
2110,فحضروا,بالفراشين,استدعي,ثم,الساعه
2110,الساعه,دينار,الف,ماه,هاتوا
2110,الدين,محيي,القاضي,ذلك,في
2111,من,مصر,محاريب,ذكر,عند
2114,من,احسن,مولانا,يا,له
2115,الله,صوب,سدره,قطع,من
2115,الجواني,اسعد,بن,محمد,الشريف
2115,صادق,ابي,الشيخ,لمولاي,كان
2115,حمام,مستوقد,في,كلبه,ولدت
2115,حانوت,كرا,جعل,قد,كان
2116,بن,الحسن,ابي,للشيخ,مولاي
2117,بن,الحسن,ابو,الشيخ,حدثني
2117,من,الاول,الباب,قدام,كان
2117,العكر,ابن,مسجد,والطاعه,السمع
2117,هذا,من,الجوامع,ذكر,عند
2120,فقال,به,فنزلوا,بهذا,انزلوا
2120,ركابه,مقدمي,احد,علي,لعبد
2120,فقال,به,فنزلوا,بهذا,انزلوا
2120,الركاب,مقدمي,احد,الاصغر,ليوسف
2120,القاهره,ظواهر,ذكر,عند,المقس
2120,ابن,قال,بالقرافه,التي,الجواسيق
2120,الجواني,اسعد,بن,محمد,الشريف
2121,وكان,له,افطن,الجلسا,لاحد
2123,كان,بالقرافه,كانت,التي,الرباطات
2123,وكان,بالقرافه,التي,والمحاريب,المصليات
2125,والصحرا,بالجبل,التي,والمعابد,المساجد
2125,بالجبل,بالتنور,المعروف,المسجد,القضاعي
2127,في,مغاره,عشره,اربع,القضاعي
2127,الجوامع,ذكر,عند,محمود,مسجد
2127,عن,مرتفعه,دكه,هي,القضاعي
2127,هذا,فراي,الشيطان,من,هذا
2128,شك,بلا,الكنز,هو,هذا
2128,البر,في,اجد,اني,الحفار
2128,قلعه,في,تسبب,لل,له
2128,فيما,يسكنون,مصر,اهل,ان
2128,ذكر,عند,هذا,لل,خبر
2128,طولون,بن,احمد,قناطر,القضاعي
2128,فقال,ما,اعندك,خياط,يا
2128,لا,يعني,تمد,ولا,اشرب
2128,لا,وقلت,سقيتنا,فتي,يا
2128,ههنا,موضعنا,الله,اعزك,نعم
2128,معوز,ههنا,عندكم,والما,هل
2132,كريب,فقال,بذلك,لي,ومن
2132,علي,فقيل,النوادب,هذه,ما
2132,الا,تنوح,ناحه,اسمع,لا
2134,الحبش,بركه,من,الوزير,بساتين
2134,القاسم,ابي,ولده,لمدب,يوما
2134,الايام,بعض,في,القاسم,ابو
2134,تاخذون,هذا,خمول,واي,له
2134,ابوابنا,الي,تصار,ان,اريد
2134,ان,يخضب,ان,اخوفني,ما
2135,حوض,بالقرافه,التي,والابار,الاحواض
2137,في,البدعه,هذه,ما,له
2137,عليه,انت,ما,علي,دم
2137,قبور,سبعه,بزياره,عليك,له
2138,عقبه,وهم,اخر,سبعه,ايضا
2140,عثمان,علي,ابو,الدين,علا
2140,ازوره,الشافعي,لقبر,اتيت,اخر
2142,اذ,وكانوا,راه,انه,بعضهم
2142,اعلم,النصر,باب,خارج,المقابر
2142,جعفر,ابو,الدوله,امين,الشريف
2144,عز,الله,قال,اليهود,كناس
2144,للنصاري,والبيع,للصابين,الصوامع,المفسرون
2146,اكرام,علمتم,قد,الوزير,لهم
2152,والا,بعهدكم,اوفوا,موسي,لهم
2152,واطاتموه,قد,انكم,عرفت,قد
2154,ما,وعدتهم,اسرايل,بني,عن
2154,التوراه,في,جا,ما,علي
2154,اخت,مريم,وكانت,التوراه,في
2158,اتدعون,ذكره,جل,فيه,الله
2158,اذ,المرسلين,لمن,الياس,وان
2158,بعلا,اتدعون,تتقون,الا,لقومه
2158,ما,وافعلي,تجزعي,لا,لها
2159,وابنا,اسرايل,بني,اجمع,له
2159,هذا,متي,الي,الياس,لهم
2159,فاقرب,قربانا,منا,كل,ليقرب
2159,لهذه,اظهر,اللهم,دعاه,في
2159,فاخذوا,بعال,ابنا,خذوا,الياس
2159,فان,واشرب,وكل,انزل,لاحب
2159,لانقطاع,اشتد,قد,الجهد,وكان
2161,كنيسه,فانظره,الحارات,في,ذلك
2161,كانت,قد,واعيادهم,اليهود,تاريخ
2161,التوراه,من,الثاني,السفر,في
2167,ان,اعلم,يهودي,قولهم,معني
2168,عندهم,وقع,وكيف,اليهود,معتقد
2170,ان,اعلم,الان,اليهود,فرق
2173,العرب,الي,ارسل,نبي,هو
2173,السمره,طافه,ان,اعلم,السمره
2175,متباينان,صنفان,السمره,ان,المسعودي
2175,احمد,بن,محمد,الريحان,ابو
2175,بخت,بدلهم,الذين,الابدال,وهم
2181,شاه,وصيف,بن,ابراهيم,الاستاذ
2181,قالوا,هاهنا,ومن,اسحاق,ابن
2181,اعلم,تنصرهم,قبل,القبط,ديانه
2181,عباده,ان,شاه,وصيف,ابن
2181,القاسم,ابي,بن,احمد,الموفق
2185,منها,الملك,نفخه,حلت,بل
2190,قط,يجامعها,لم,انه,عنه
2191,فراجعه,الكتاب,هذا,من,التواريخ
2192,فاسد,ايمانه,ان,اريوس,عن
2192,لم,اذ,الاب,كان,اريوس
2192,من,عباده,اوجب,ايما,الاسكندروس
2192,خلقنا,من,عباده,بل,اريوس
2192,خلقنا,الابن,كان,فان,الاسكندروس
2195,المسيح,ان,يقل,لم,انه
2195,لانه,ش,كل,خلق,به
2195,ايامه,وفي,المسيح,لاجل,فيها
2196,قال,انه,ذلك,وسبب,بقوله
2197,اتحد,انسانا,مريم,ولدت,انما
2197,الابن,فيه,حل,المسيح,ان
2197,ان,الميلاد,يوم,خطبته,في
2198,وتفرقوا,حق,بغير,حرموه,قد
2198,جوهرين,من,جوهر,المسيح,ان
2199,البحث,يلزمه,لا,الملك,لهم
2199,جري,ما,عملت,قد,لها
2199,الامانه,علي,تعبي,ثمره,هذه
2202,تركتم,ان,الاسكندريه,اهل,يا
2202,من,كل,وقال,الارواح,بتناسخ
2205,مصر,قبط,من,النصاري,دخول
2206,الكنيسه,داخل,صليت,لو,للبطرك
2217,انت,خذ,الخباب,اولاد,له
2218,لانه,كونيه,له,يصح,لا
2221,الشيخ,مولاي,يا,بعضهم,له
2229,محمد,بن,علي,الحسن,ابو
2229,فذكروا,ووصفوه,مصر,شعرا,فيه
2232,كبير,دير,اخميم,وبنواحي,الشابشتي
2232,ومن,القضاعي,جعفر,ابو,القاضي
2232,وقد,تعالي,الله,رحمه,ملفه
2233,من,ودميان,وقزمان,دموه,كنيسه
2233,هذا,وديرها,بالجيزه,ونهيا,الشابشتي
2237,بان,الدير,هذا,رهبان,فعلم
2241,الي,خرج,انه,النصاري,مرخو
2244,الكلبي,وقال,تفسيره,في,الواحدي
2244,بيطور,سمي,الطور,ان,الكلبي
2244,ان,اليا,محذوف,فلعله,السهيلي
2244,عبد,اخبرني,شيبه,بن,عمر
2244,الله,صلي,الله,رسول,قال
2244,المنذر,بن,ارطاه,عن,شعبه
2244,زرعه,عن,حبيب,بن,طلق
2244,ثلاثه,الي,الرحال,تشد,انما
2244,محمد,الله,عبد,ابو,القاضي
2244,كور,ومن,مصر,ارض,كور
2246,كنيسه,الازهري,قال,النصاري,كناس
2246,بدورون,السلمي,مرداس,بن,العباس
2246,دميه,كانها,الرقيات,قيس,ابن
2252,هدم,الي,اخرجوا,فقرا,يا
2256,ان,والمصلحه,عمي,العامه,الابوبكري
2256,من,هذا,كل,الكرك,ناب
2256,ومعك,امض,الحاجب,الماس,للامير
2256,باب,الي,اركب,القاهره,لوالي
2257,وانصب,جماعه,منهم,اعزل,للوالي
