ms,word_3,word_2,word_1
13,الخريف,يذم,آخر
29,أمية,الصلت,أبو
42,فارق,إخوته,لمصر
44,كتاب,في,الجاحظ
47,محمد,جعفر,أبو
47,السلام,عليه,يعقوب
47,عن,مخبرا,تعالى
47,الحكم,عبد,ابن
57,مدبر,بن,أحمد
57,إن,حوله,للملإ
82,الفهرست,كتاب,في
82,الله,رحمه,المؤلف
107,كتاب,شرح,في
109,الله,رحمه,مؤلفه
109,الناصرية,السيرة,جامع
110,علم,الأمير,له
110,الحكم,عبد,ابن
136,في,ميسر,ابن
138,رحمهم,المفسرين,بعض
139,علي,أبو,الرئيس
142,الله,صلى,النبي
142,في,المفسرين,بعض
153,بن,سامر,أبو
155,محمد,الريحان,أبو
166,تاريخه,في,المسبحي
166,عبد,أبو,القاضي
167,الحكم,عبد,ابن
167,الحكم,عبد,ابن
170,شاه,وصيف,ابن
171,علي,بن,الحسن
172,معاوية,بن,زهير
172,الحكم,عبد,ابن
187,في,ذولاق,ابن
187,بكر,أبو,له
188,سيرة,كتاب,في
188,الوزير,سيرة,جامع
198,سنة,متجددات,في
199,سنة,متجددات,في
208,أبو,القضاة,أقضى
208,الحسن,أبو,لي
211,ابن,عن,الضحاك
211,الله,رضي,عمر
211,الله,رضي,عمر
211,بن,الرحمن,عبد
218,رضي,علي,له
221,سعد,بن,الليث
221,إبراهيم,عن,الأعمش
221,عمر,بن,سيف
221,ثابت,عن,سيف
227,ابن,قبل,لك
232,بن,بكر,أبو
236,الحسن,أبو,القاضي
240,في,الفاضل,القاضي
240,سنة,متجددات,في
242,أبو,الفاضل,الأديب
248,في,الفاضل,القاضي
248,ثمان,سنة,في
260,موته,قبل,صاحبهم
260,رضوان,بن,علي
262,محمد,يعقوب,أبو
265,كتاب,في,الهمداني
274,عجائب,كتاب,في
278,بن,الوهاب,عبد
278,العباس,أبو,الإمام
308,الله,عبد,أبو
308,أمية,الصلت,أبو
330,شاه,وصيف,ابن
347,محمد,الريحان,أبو
348,أحمد,بكر,أبو
362,بن,الله,عبد
362,الحكم,عبد,ابن
372,جردادية,بن,أحمد
373,الكندي,عمرو,أبو
373,الحكم,عبد,ابن
391,الطرطوسي,بكر,أبو
391,الكندي,عمرو,أبو
391,الطولونية,السيرة,جامع
400,عوف,ابن,له
403,شاه,وصيف,ابن
412,الكندي,عمرو,أبو
415,حوادث,في,المسبحي
421,بن,الله,عبيد
421,دمياط,تاريخ,جامع
429,المنذر,بن,المتنصر
429,البكري,عبيد,أبو
429,النحاس,جعفر,أبو
443,الله,رحمه,مؤلفه
460,صالح,بن,عثمان
460,سعد,بن,الليث
461,فما,أبوه,له
475,الحكم,عبد,ابن
482,عن,سعيد,ابن
483,في,خالويه,ابن
514,من,شخص,له
525,البكري,عبيد,أبو
525,حبيب,بن,محمد
533,شاه,وصيف,ابن
537,شاه,وصيف,ابن
540,في,المفسرين,بعض
540,شاه,وصيف,ابن
543,شاه,وصيف,ابن
545,شاه,وصيف,ابن
557,الحكم,عبد,ابن
557,رضي,عباس,ابن
570,في,زولاق,ابن
573,الهند,من,البراهمة
577,هند,السند,أصحاب
578,من,الهازروان,أصحاب
586,الحسن,محمد,أبو
586,محمد,جعفر,أبو
590,أحمد,بن,محمد
611,وتعالى,سبحانه,الله
611,موتوا,الله,لهم
611,تعالى,الله,قول
611,موتوا,الله,لهم
612,حمزة,بن,علي
612,شاه,وصيف,ابن
612,في,المأمون,ابن
628,علي,الحسن,أبو
629,الكهف,سورة,في
630,الحسن,أبو,القاضي
630,هلال,الحسين,أبو
641,في,الفاضل,القاضي
641,الحسين,أبو,القاضي
654,الحكم,عبد,ابن
654,البكري,عبيد,أبو
655,بن,الملك,عبد
655,في,سعيد,ابن
679,والضحاك,ومجاهد,قتادة
679,بن,معاوية,لهم
696,يومئذ,من,الناس
723,إبراهيم,مرة,له
729,علي,بن,محمد
743,عمرو,أبو,القاضي
743,بن,الخطاب,أبو
751,عن,يونس,ابن
751,عبد,أبو,الشريف
752,عبد,أبو,القاضي
753,في,سعيد,ابن
753,في,المتوج,ابن
755,للدقاق,مونس,كاتب
755,بكر,أبي,عن
756,أخذ,الذي,ابنه
757,عقيل,ابن,أستاذي
757,عقيل,ابن,له
760,في,داود,أبو
762,عن,لهيعة,ابن
762,سعد,بن,الليث
768,بن,محمد,الشريف
775,عن,سعيد,ابن
776,آخر,كتاب,عن
776,ابن,كتاب,عن
784,الله,رحمه,مؤلفه
784,الله,رحمه,مؤلفه
785,عن,المتوج,ابن
790,الله,رحمه,مؤلفه
799,الله,عبد,أبو
833,في,سعيد,ابن
838,الحسين,الدين,زكي
843,الدين,جلال,العلامة
844,الدين,محيي,المعارف
873,الذخائر,كتاب,في
873,محمد,أبو,المرتضى
876,عز,المختار,الأمير
879,أسره,الذي,له
879,محيي,الرئيس,القاضي
908,الليث,أبي,لابن
914,الظاهر,عبد,ابن
918,يقتل,أن,قبل
921,الذخائر,كتاب,في
921,الظاهر,عبد,ابن
941,الذخائر,كتاب,في
954,الذخائر,كتاب,في
957,إلا,إله,لا
962,الظاهر,عبد,ابن
967,لشمر,زياد,ابن
973,طيء,أبي,ابن
973,في,المأمون,ابن
976,الظاهرية,السيرة,جامع
980,القول,هذا,لهما
987,الظاهر,عبد,ابن
991,طي,أبي,ابن
1001,الظاهر,عبد,ابن
1002,وقفها,كتاب,في
1002,الظاهر,عبد,ابن
1003,الظاهر,عبد,ابن
1014,الظاهر,عبد,ابن
1019,ذلك,بعد,المأمون
1026,الحاضرين,إلى,مشيرا
1029,الذخائر,كتاب,في
1030,الظاهر,عبد,ابن
1031,عز,المختار,الأمير
1041,في,المأمون,ابن
1047,سبع,سنة,في
1053,يرد,عمارة,الفقيه
1057,في,زولاق,ابن
1068,الذخائر,كتاب,في
1075,الذخائر,كتاب,في
1077,الظاهر,عبد,ابن
1077,عن,الطوير,ابن
1082,للأمراء,المأمون,الوزير
1091,بأحكام,الآمر,الخليفة
1091,في,له,مجيبا
1092,الظاهر,عبد,ابن
1096,عن,الطوير,ابن
1096,حواشي,من,لجماعة
1101,في,الجواني,الشريف
1112,الدين,جمال,الحافظ
1112,الظاهر,عبد,ابن
1120,الظاهر,عبد,ابن
1125,الله,عبد,فيه
1138,الظاهر,عبد,ابن
1138,الظاهر,عبد,ابن
1142,في,سيده,ابن
1142,بن,محمد,الشريف
1147,الظاهر,عبد,ابن
1148,الظاهر,عبد,ابن
1163,باب,في,ياقوت
1163,في,الفاضل,القاضي
1166,في,زولاق,ابن
1175,محب,ابنه,لي
1184,يا,والله,طرنطاي
1189,صلاح,المؤرخ,الأديب
1189,سمعنا,وما,الزمان
1191,الظاهر,عبد,ابن
1197,من,مكة,أين
1198,جلال,القضاة,قاضي
1216,سبيل,على,له
1240,أربيه,أنا,السلطان
1249,غلط,هذا,شيخو
1250,بن,خليل,الصفدي
1269,وجهه,يرني,لا
1284,الدين,شمس,فيه
1288,يونس,للأمير,السلطان
1290,الدين,محي,القاضي
1297,بن,محمد,الشريف
1298,مبنية,قلعة,قوم
1298,فوق,روضة,تلك
1301,الظاهر,عبد,ابن
1309,الظاهر,عبد,ابن
1309,الدين,شمس,القاضي
1309,الدين,جمال,الحافظ
1310,باخطلبا,الأمير,لي
1310,الفرس,أين,لي
1310,فخر,الأمير,لي
1311,أذني,في,لي
1311,فخر,الأمير,له
1322,الظاهر,عبد,ابن
1323,الظاهر,عبد,ابن
1329,الظاهر,عبد,ابن
1337,الذي,اليوم,في
1339,في,زولاق,ابن
1344,قاضي,شيخنا,لي
1344,الظاهر,عبد,ابن
1354,عاط,عاط,له
1364,الظاهرية,السيرة,جامع
1371,عبد,سعيد,أبو
1371,عبد,أبو,القاضي
1371,الدين,تاج,القاضي
1386,عبد,القاسم,أبو
1388,الله,رحمه,مالك
1390,رضي,عمر,له
1390,والله,قد,الرجل
1391,لا,لم,لي
1391,المسعودي,الحسن,أبو
1391,في,يونس,ابن
1395,الظاهر,عبد,ابن
1397,الظاهر,عبد,ابن
1398,محمد,بن,الحسن
1401,في,جزلة,ابن
1402,من,تبرىء,إنها
1402,ماسويه,بن,يحيى
1402,إصلاح,كتاب,صاحب
1402,الله,رحمه,مؤلفه
1406,كتاب,في,ياقوت
1406,الظاهر,عبد,ابن
1426,الظاهر,عبد,ابن
1426,الله,رحمه,مؤلفه
1432,الحكم,عبد,ابن
1437,وقد,الطوير,ابن
1437,في,الفاضل,القاضي
1438,الناصر,سيرة,جامع
1438,الله,رحمه,مؤلفه
1444,هذه,أن,لومراء
1445,كانت,التي,السباع
1450,ويولي,يعزله,السلطان
1454,بن,أحمد,الشهاب
1454,في,طبنة,أهل
1457,الكندي,بكر,أبو
1457,عبد,القاسم,أبو
1461,أمية,الصلت,أبو
1462,الرفيق,بن,ابراهيم
1462,أبي,بن,محمد
1472,آخر,موضع,في
1473,ذكر,في,القضاعي
1477,الكندي,عمر,أبو
1478,وقد,سعيد,ابن
1478,الدين,علم,فيه
1481,عميرة,يونس,ابن
1483,في,الفاضل,القاضي
1483,الناصر,سيرة,جامع
1524,في,سعيد,ابن
1528,بن,علي,العلامة
1531,الكندي,عمر,أبو
1535,أخا,يا,لي
1535,يتخذ,أن,له
1546,القرآن,بخلق,منهم
1557,إلى,ماض,وهو
1560,في,الفاضل,القاضي
1563,الناصرية,السيرة,جامع
1569,الكندي,عمرو,أبو
1618,رضي,الله,عبد
1639,الله,رحمه,مؤلفه
1673,تجيب,من,رجل
1673,حبيب,بن,يزيد
1673,أبو,أقرأناها,هكذا
1673,عبد,بن,الخليل
1683,الله,رحمه,مؤلفه
1689,سعد,بن,الليث
1693,أريك,أن,أتريد
1697,الحكم,عبد,ابن
1707,محمد,عمرو,أبو
1714,في,المأمون,ابن
1717,الظاهر,عبد,ابن
1717,الطولونية,السيرة,جامع
1718,بن,أحمد,له
1727,بن,الحسن,الفقيه
1730,غيره,وقال,البلاذري
1731,الله,رضي,عمر
1732,بالليل,الأذان,في
1734,صلى,الله,رسول
1740,الظاهر,عبد,ابن
1741,الدين,محي,القاضي
1746,سنة,حوادث,في
1746,سنة,حوادث,في
1746,الظاهر,عبد,ابن
1751,عقيل,ابن,له
1751,الله,صلى,النبي
1752,الله,صلى,النبي
1752,الهندي,الدين,سراج
1753,الله,رحمه,مؤلفه
1757,حوادث,في,المسبحي
1758,طي,أبي,ابن
1775,نزهة,كتاب,فيه
1782,الظاهر,عبد,ابن
1782,جملة,في,لهم
1786,حوادث,في,المسبحي
1786,سنة,حوادث,في
1786,أسعد,بن,الشريف
1818,أنت,توجه,له
1821,في,السلطان,له
1837,بن,محمد,الشريف
1838,إلا,بقي,ما
1859,نحس,برج,قريني
1859,الدين,شمس,الأديب
1865,بن,سعيد,أبو
1865,صلى,الله,رسول
1865,بن,سعيد,أبو
1875,إنه,ويحكم,علي
1875,جعفر,بحق,له
1875,بحق,أسألك,له
1875,جنودا,لله,إن
1879,من,كلهم,الناس
1903,وابنه,علي,أبو
1918,في,المشركين,أطفال
1918,نتبرأ,لا,ثعلبة
1919,بن,زياد,لهم
1921,الإسلام,في,بالقدر
1932,هو,منهم,آخرون
1933,صلى,الله,رسول
1935,كافر,فهو,هذا
1942,الروضة,كتاب,في
1946,الظاهر,عبد,ابن
1949,حليقة,أبو,السلطان
1950,وظيفة,كل,في
1958,الظاهر,عبد,ابن
1958,الدين,ضياء,الفقيه
1958,الدين,صفي,الصاحب
1968,علم,الطبيب,له
1981,لمن,أقبغا,الأمير
1987,خوند,يا,له
2003,مالكا,كنت,إن
2003,صاحبنا,ذلك,في
2007,أني,عرفت,لو
2013,إلا,أتوجه,لا
2025,الكندي,عمر,أبو
2025,الطولونية,السيرة,جامع
2037,الظاهر,عبد,ابن
2037,في,المأمون,ابن
2045,العصر,أدباء,بعض
2077,بحضرة,مرة,له
2077,أصحابه,لبعض,خضر
2103,الله,رحمه,الشافعي
2105,الكندي,عمرو,أبو
2105,بن,محمد,الشريف
2105,محمد,بن,موسى
2115,بن,محمد,الشريف
2120,أحد,الأصغر,ليوسف
2128,تسبب,لؤلؤ,له
2134,ولده,لمؤدب,يوما
2134,في,القاسم,أبو
2140,أبو,الدين,علاء
2142,الدولة,أمين,الشريف
2144,وجل,عز,الله
2158,PageV04P371,فيه,الله
2158,تتقون,ألا,لقومه
2158,تجزعي,لا,لها
2159,وكل,انزل,لأحؤب
2192,أوجب,أيما,الإسكندروس
2192,عبادة,بل,آريوس
2195,كل,خلق,به
2196,القدس,روح,أن
2198,بغير,حرموه,قد
2198,جوهر,المسيح,أن
2202,أسقف,من,كل
2217,الخباب,أولاد,له
2218,له,يصح,لا
2221,يا,بعضهم,له
2229,علي,الحسن,أبو
2232,أخميم,وبنواحي,الشابشتي
2232,الله,رحمه,مؤلفه
2244,شيبة,بن,عمر
2244,صلى,الله,رسول
2244,الرحال,تشد,إنما
2244,عبد,أبو,القاضي
2246,مرداس,بن,العباس
2246,الرقيات,قيس,ابن
